id	gloss	domain	tier	pos_hint	is_root	derivation	source	notes
FUN-001	who	FUN	1	fun	yes		SW,FUN	question word, in-situ (0002 §6.4)
FUN-002	what	FUN	1	fun	yes		SW,FUN	question word
FUN-003	where	FUN	1	fun	yes		FUN	question word
FUN-004	when (Q)	FUN	1	fun	yes		FUN	question word
FUN-005	why	FUN	1	fun	yes		FUN	question word
FUN-006	how	FUN	1	fun	yes		FUN	question word
FUN-007	which	FUN	2	fun	yes		FUN	question word
FUN-008	how many / how much	FUN	1	fun	yes		FUN	question word, quantity
FUN-009	or	FUN	1	fun	yes		FUN	disjunction (cf. closed-class 'and'=i, 0002 §6.5)
FUN-010	but	FUN	1	fun	yes		FUN	adversative
FUN-011	if	FUN	1	fun	yes		FUN	conditional
FUN-012	because	FUN	1	fun	yes		FUN	causal
FUN-013	so / therefore	FUN	2	fun	yes		FUN	consequence
FUN-014	although	FUN	2	fun	yes		FUN	concessive
FUN-015	yes	FUN	1	fun	yes		FUN	affirmation
FUN-016	no (answer)	FUN	1	fun	yes		FUN	negative answer; distinct from clausal negator ne (0002 §6.2)
FUN-017	very	FUN	1	fun	yes		FUN	intensifier
FUN-018	also / too	FUN	1	fun	yes		FUN	additive
FUN-019	only / just	FUN	1	fun	yes		FUN	restrictive
FUN-020	again	FUN	2	fun	yes		FUN	repetition
FUN-021	maybe / perhaps	FUN	2	fun	yes		FUN	epistemic
QTY-001	zero	QTY	1	num	yes		MOD	numeral root (0003 §5)
QTY-002	one	QTY	1	num	yes		SW,LJ	numeral root
QTY-003	two	QTY	1	num	yes		SW,LJ	numeral root
QTY-004	three	QTY	1	num	yes		SW	numeral root
QTY-005	four	QTY	1	num	yes		SW	numeral root
QTY-006	five	QTY	1	num	yes		SW	numeral root
QTY-007	six	QTY	2	num	yes		IDS	numeral root
QTY-008	seven	QTY	2	num	yes		IDS	numeral root
QTY-009	eight	QTY	2	num	yes		IDS	numeral root
QTY-010	nine	QTY	2	num	yes		IDS	numeral root
QTY-011	ten	QTY	1	num	yes		SW	numeral root; powers of ten are roots
QTY-012	hundred	QTY	1	num	yes		SW	numeral root
QTY-013	thousand	QTY	2	num	yes		IDS	numeral root
QTY-014	million	QTY	3	num	yes		MOD	numeral root
QTY-015	eleven	QTY	2	num	no	ten + one	IDS	compositional numeral (0003 §5) — not a root
QTY-016	twenty	QTY	2	num	no	two + ten	IDS	compositional numeral
QTY-017	first	QTY	2	mod	no	one + -pe (ordinal)	IDS	ordinal = cardinal + -pe (0010 §2.1); 'first' = tape
QTY-018	all	QTY	1	fun	yes		SW	quantifier
QTY-019	many / much	QTY	1	fun	yes		SW	quantifier
QTY-020	few / little	QTY	1	fun	yes		SW	quantifier; core pair with many, kept (rule 1)
QTY-021	some	QTY	1	fun	yes		IDS	quantifier
QTY-022	none	QTY	1	fun	yes		IDS	kept as root — very high frequency (rule 3); not merely ne+some
QTY-023	every / each	QTY	2	fun	yes		IDS	quantifier
QTY-024	more	QTY	1	fun	yes		IDS	core pair with less, both kept (rule 1)
QTY-025	less	QTY	2	fun	yes		IDS	core pair with more, kept (rule 1)
QTY-026	enough	QTY	2	fun	yes		IDS	
QTY-027	half	QTY	2	num	yes		IDS	
QTY-028	number	QTY	2	n	yes		IDS	
QTY-029	part / piece	QTY	2	n	yes		IDS	
QTY-030	count	QTY	2	v	yes		IDS	
TIM-001	time	TIM	1	n	yes		IDS	
TIM-002	day	TIM	1	n	yes		SW	
TIM-003	night	TIM	1	n	yes		SW,LJ	
TIM-004	morning	TIM	2	n	yes		IDS	
TIM-005	evening	TIM	2	n	yes		IDS	
TIM-006	today	TIM	1	fun	yes		IDS	time-word (0002 §5.1)
TIM-007	tomorrow	TIM	1	n	yes		IDS	time-word
TIM-008	yesterday	TIM	1	n	yes		IDS	time-word
TIM-009	now	TIM	1	fun	yes		IDS	time-word
TIM-010	then (at that time)	TIM	2	fun	yes		IDS	time-word
TIM-011	year	TIM	1	n	yes		SW	
TIM-012	month	TIM	2	n	yes		IDS	
TIM-013	week	TIM	2	n	yes		MOD	
TIM-014	hour	TIM	2	n	yes		MOD	
TIM-015	before (earlier than)	TIM	1	fun	yes		IDS	temporal/spatial relation
TIM-016	after (later than)	TIM	1	fun	yes		IDS	temporal/spatial relation
TIM-017	always	TIM	1	fun	yes		IDS	
TIM-018	never	TIM	1	fun	yes		IDS	kept as root — very high frequency (rule 3); not merely ne+always
TIM-019	often	TIM	2	fun	yes		IDS	
TIM-020	sometimes	TIM	2	fun	yes		IDS	
TIM-021	early	TIM	2	mod	yes		IDS	core pair with late, kept
TIM-022	late	TIM	2	mod	yes		IDS	core pair with early, kept
PHY-001	sun	PHY	1	n	yes		SW,LJ	
PHY-002	moon	PHY	1	n	yes		SW	
PHY-003	star	PHY	1	n	yes		SW	
PHY-004	sky	PHY	2	n	yes		IDS	
PHY-005	ground / earth	PHY	1	n	yes		SW	
PHY-006	world	PHY	2	n	yes		IDS	
PHY-007	land	PHY	2	n	yes		IDS	
PHY-008	water	PHY	1	n	yes		SW,LJ	
PHY-009	sea	PHY	1	n	yes		SW	
PHY-010	river	PHY	2	n	yes		IDS	
PHY-011	lake	PHY	2	n	yes		IDS	
PHY-012	mountain	PHY	1	n	yes		SW	
PHY-013	stone / rock	PHY	1	n	yes		SW,LJ	
PHY-014	sand	PHY	1	n	yes		SW	
PHY-015	soil	PHY	2	n	yes		IDS	
PHY-016	dust	PHY	2	n	yes		LJ	
PHY-017	fire	PHY	1	n	yes		SW,LJ	
PHY-018	smoke	PHY	1	n	yes		SW,LJ	
PHY-019	ash	PHY	2	n	yes		SW	
PHY-020	wind	PHY	1	n	yes		SW	
PHY-021	air	PHY	2	n	yes		IDS	
PHY-022	rain	PHY	1	n	yes		SW,LJ	
PHY-023	cloud	PHY	1	n	yes		SW	
PHY-024	snow	PHY	2	n	yes		SW	
PHY-025	ice	PHY	2	n	yes		SW	
PHY-026	light (illumination)	PHY	2	n	yes		IDS	
PHY-027	shadow / shade	PHY	2	n	yes		LJ	
PHY-028	metal	PHY	3	n	yes		IDS	
PROP-001	big	PROP	1	mod	yes		SW	core antonym pair with small, both kept (rule 1)
PROP-002	small	PROP	1	mod	yes		SW	core pair, kept (un-big would lose a basic word)
PROP-003	long	PROP	1	mod	yes		SW	
PROP-004	short	PROP	2	mod	yes		IDS	
PROP-005	wide	PROP	2	mod	yes		IDS	
PROP-006	narrow	PROP	2	mod	yes		IDS	core pair, kept (drifted/frequent)
PROP-007	thick	PROP	2	mod	yes		IDS	
PROP-008	thin	PROP	2	mod	yes		SW	
PROP-009	heavy	PROP	2	mod	yes		SW	
PROP-010	light (in weight)	PROP	2	mod	yes		IDS	
PROP-011	hot	PROP	1	mod	yes		SW	core pair with cold, kept
PROP-012	cold	PROP	1	mod	yes		SW	core pair, kept
PROP-013	warm	PROP	2	mod	yes		IDS	
PROP-014	new	PROP	1	mod	yes		SW,LJ	
PROP-015	old (of things)	PROP	1	mod	yes		SW	
PROP-016	young	PROP	2	mod	yes		IDS	
PROP-017	good	PROP	1	mod	yes		SW,LJ	core pair with bad
PROP-018	bad	PROP	1	mod	yes		SW	kept though = good+opposite; basic & high-transfer (rule 1)
PROP-019	full	PROP	1	mod	yes		SW	
PROP-020	empty	PROP	2	mod	no	full + -ku(opposite)	IDS	derivable — pruned (policy demo)
PROP-021	dirty	PROP	2	mod	yes		SW	
PROP-022	clean	PROP	2	mod	yes		IDS	kept (frequent, not merely 'un-dirty')
PROP-023	wet	PROP	2	mod	yes		SW	
PROP-024	dry	PROP	1	mod	yes		SW	
PROP-025	hard / firm	PROP	2	mod	yes		IDS	
PROP-026	soft	PROP	2	mod	yes		IDS	
PROP-027	sharp	PROP	2	mod	yes		SW	core pair with dull
PROP-028	dull / blunt	PROP	2	mod	no	sharp + -ku(opposite)	SW	derivable — pruned (policy demo)
PROP-029	straight	PROP	2	mod	yes		SW	
PROP-030	round	PROP	2	mod	yes		SW	
PROP-031	flat	PROP	2	mod	yes		SW	
PROP-032	smooth	PROP	2	mod	yes		SW	
PROP-033	deep	PROP	2	mod	yes		IDS	
PROP-034	high	PROP	2	mod	yes		IDS	core pair with low
PROP-035	low	PROP	2	mod	yes		IDS	core pair, kept
PROP-036	far	PROP	1	mod	yes		SW	core pair with near
PROP-037	near	PROP	1	mod	yes		SW	core pair, kept
PROP-038	fast / quick	PROP	2	mod	yes		IDS	core pair with slow
PROP-039	slow	PROP	2	mod	yes		IDS	core pair, kept
PROP-040	strong	PROP	2	mod	yes		IDS	core pair with weak
PROP-041	weak	PROP	2	mod	yes		IDS	promoted to root — basic, high-transfer antonym (rule 1)
PROP-042	correct / right	PROP	2	mod	yes		IDS	core pair with wrong
PROP-043	wrong	PROP	2	mod	yes		IDS	promoted to root — basic, high-transfer antonym (rule 1)
PROP-044	true	PROP	2	mod	yes		IDS	
PROP-045	same	PROP	1	mod	yes		IDS	core pair with different
PROP-046	different	PROP	1	mod	yes		IDS	promoted to root — extremely frequent, high-transfer (rule 1)
PROP-047	black	PROP	1	mod	yes		SW,LJ	color
PROP-048	white	PROP	1	mod	yes		SW	color
PROP-049	red	PROP	1	mod	yes		SW,LJ	color
PROP-050	green	PROP	2	mod	yes		SW	color
PROP-051	yellow	PROP	2	mod	yes		SW	color
PROP-052	blue	PROP	2	mod	yes		IDS	color
PROP-053	alive	PROP	2	mod	yes		SW	core pair with dead
PROP-054	dead	PROP	2	mod	yes		SW	promoted to root — basic, high-transfer (rule 1); cf. verb 'die' BOD-030
BOD-001	head	BOD	1	n	yes		LJ	
BOD-002	hair	BOD	1	n	yes		SW	
BOD-003	eye	BOD	1	n	yes		SW,LJ	
BOD-004	ear	BOD	1	n	yes		SW,LJ	
BOD-005	nose	BOD	1	n	yes		SW	
BOD-006	mouth	BOD	1	n	yes		SW	
BOD-007	tooth	BOD	1	n	yes		SW,LJ	
BOD-008	tongue	BOD	1	n	yes		SW	
BOD-009	face	BOD	2	n	yes		IDS	
BOD-010	neck	BOD	2	n	yes		SW	
BOD-011	hand	BOD	1	n	yes		SW	
BOD-012	arm	BOD	2	n	yes		IDS	
BOD-013	finger	BOD	2	n	yes		IDS	
BOD-014	foot	BOD	1	n	yes		SW	
BOD-015	leg	BOD	2	n	yes		SW	
BOD-016	knee	BOD	2	n	yes		SW	
BOD-017	belly / stomach	BOD	2	n	yes		SW	
BOD-018	back (body)	BOD	2	n	yes		SW	
BOD-019	chest / breast	BOD	2	n	yes		SW	
BOD-020	heart	BOD	2	n	yes		SW	
BOD-021	blood	BOD	1	n	yes		SW,LJ	
BOD-022	bone	BOD	1	n	yes		SW	
BOD-023	skin	BOD	1	n	yes		SW,LJ	
BOD-024	flesh / meat	BOD	1	n	yes		SW	
BOD-025	body	BOD	2	n	yes		IDS	
BOD-026	breathe	BOD	2	v	yes		SW	
BOD-027	sleep	BOD	1	v	yes		SW,LJ	
BOD-028	eat	BOD	1	v	yes		SW,LJ	
BOD-029	drink	BOD	1	v	yes		SW	
BOD-030	die	BOD	1	v	yes		SW,LJ	cf. 'kill' = die+causative (ACT-041)
BOD-031	live	BOD	2	v	yes		SW	
BOD-032	heal / cure	BOD	3	v	yes		IDS	base for doctor = heal+agent (MOD-016)
KIN-001	person / human	KIN	1	n	yes		SW,LJ	
KIN-002	man / male person	KIN	1	n	yes		SW	
KIN-003	woman	KIN	1	n	yes		SW	
KIN-004	child	KIN	1	n	yes		SW	
KIN-005	mother	KIN	1	n	yes		LJ	
KIN-006	father	KIN	1	n	yes		IDS	
KIN-007	parent	KIN	2	n	yes		IDS	
KIN-008	male	KIN	2	mod	yes		IDS	enables son/husband by compounding
KIN-009	female	KIN	2	mod	yes		IDS	enables daughter by compounding
KIN-010	son	KIN	2	n	no	male + child	IDS	derivable — pruned (policy demo)
KIN-011	daughter	KIN	2	n	no	female + child	IDS	derivable — pruned
KIN-012	sibling	KIN	2	n	yes		IDS	brother/sister = male/female + sibling
KIN-013	spouse	KIN	2	n	yes		IDS	husband/wife = male/female + spouse
KIN-014	friend	KIN	2	n	yes		IDS	
KIN-015	people	KIN	1	n	no	person + pu(plural)	SW	derivable via plural particle (0002 §5.2)
ANI-001	animal	ANI	2	n	yes		IDS	
ANI-002	dog	ANI	1	n	yes		SW,LJ	
ANI-003	fish	ANI	1	n	yes		SW,LJ	
ANI-004	bird	ANI	1	n	yes		SW,LJ	
ANI-005	cat	ANI	2	n	yes		IDS	
ANI-006	horse	ANI	2	n	yes		IDS	
ANI-007	cow	ANI	2	n	yes		IDS	
ANI-008	egg	ANI	1	n	yes		SW	
ANI-009	tail	ANI	2	n	yes		SW	
ANI-010	wing	ANI	2	n	yes		IDS	
ANI-011	feather	ANI	2	n	yes		SW	
ANI-012	horn	ANI	2	n	yes		SW	
AGR-001	tree	AGR	1	n	yes		SW,LJ	
AGR-002	plant	AGR	2	n	yes		IDS	
AGR-003	wood	AGR	2	n	yes		LJ	
AGR-004	leaf	AGR	1	n	yes		SW,LJ	
AGR-005	root (of plant)	AGR	1	n	yes		SW	
AGR-006	seed	AGR	1	n	yes		SW	
AGR-007	flower	AGR	2	n	yes		IDS	
AGR-008	grass	AGR	2	n	yes		SW	
AGR-009	fruit	AGR	2	n	yes		LJ	
FOO-001	food	FOO	1	n	yes		IDS	promoted to root — ultra-basic, high-transfer (rule 1)
FOO-002	milk	FOO	2	n	yes		IDS	
FOO-003	salt	FOO	2	n	yes		SW	
FOO-004	oil / fat	FOO	2	n	yes		SW	
FOO-005	cook	FOO	2	v	yes		IDS	
FOO-006	sweet	FOO	2	mod	yes		IDS	taste
FOO-007	bread	FOO	3	n	yes		MOD	internationalism candidate (Stage 2)
FOO-008	rice	FOO	3	n	yes		MOD	internationalism candidate
CLO-001	clothing	CLO	2	n	yes		IDS	
CLO-002	shoe	CLO	2	n	yes		IDS	
CLO-003	wear	CLO	2	v	yes		IDS	
DWE-001	house	DWE	1	n	yes		SW,LJ	
DWE-002	door	DWE	2	n	yes		IDS	
DWE-003	roof	DWE	2	n	yes		IDS	
DWE-004	bed	DWE	2	n	yes		IDS	
DWE-005	table	DWE	2	n	yes		MOD	internationalism candidate
DWE-006	knife	DWE	1	n	yes		SW	
DWE-007	rope	DWE	2	n	yes		SW	
DWE-008	thing / object	DWE	1	n	yes		IDS	high-frequency generic
DWE-009	tool	DWE	2	n	yes		IDS	
ACT-001	do / make	ACT	1	v	yes		SW	
ACT-002	go	ACT	1	v	yes		SW,LJ	
ACT-003	come	ACT	1	v	yes		SW,LJ	
ACT-004	walk	ACT	1	v	yes		SW	
ACT-005	run	ACT	2	v	yes		IDS	
ACT-006	stand	ACT	1	v	yes		SW	
ACT-007	sit	ACT	1	v	yes		SW	
ACT-008	lie down	ACT	2	v	yes		SW	
ACT-009	give	ACT	1	v	yes		SW,LJ	
ACT-010	take	ACT	1	v	yes		SW	
ACT-011	hold	ACT	2	v	yes		SW	
ACT-012	bring	ACT	2	v	no	come + -ta(causative)	IDS	derivable — pruned (policy demo)
ACT-013	carry	ACT	2	v	yes		IDS	
ACT-014	put	ACT	2	v	yes		SW	
ACT-015	throw	ACT	2	v	yes		SW	
ACT-016	fall	ACT	1	v	yes		SW,LJ	
ACT-017	turn	ACT	2	v	yes		SW	
ACT-018	move	ACT	2	v	yes		IDS	
ACT-019	open	ACT	2	v	yes		IDS	core pair with shut
ACT-020	shut / close	ACT	2	v	no	open + -ku(opposite)	IDS	derivable (reverse action) — pruned (policy demo)
ACT-021	break	ACT	1	v	yes		SW,LJ	
ACT-022	cut	ACT	1	v	yes		SW,LJ	
ACT-023	hit / strike	ACT	2	v	yes		SW	
ACT-024	push	ACT	2	v	yes		SW	
ACT-025	pull	ACT	2	v	yes		SW	
ACT-026	tie / bind	ACT	2	v	yes		SW	
ACT-027	wash	ACT	2	v	yes		SW	
ACT-028	rub	ACT	2	v	yes		SW	
ACT-029	dig	ACT	2	v	yes		SW	
ACT-030	burn	ACT	1	v	yes		SW,LJ	
ACT-031	flow	ACT	2	v	yes		SW	
ACT-032	swim	ACT	2	v	yes		SW	
ACT-033	fly	ACT	2	v	yes		SW	
ACT-034	work	ACT	1	v	yes		IDS	
ACT-035	play	ACT	2	v	yes		IDS	
ACT-036	use	ACT	2	v	yes		IDS	
ACT-037	help	ACT	2	v	yes		IDS	
ACT-038	begin / start	ACT	2	v	yes		IDS	core pair with stop
ACT-039	stop	ACT	2	v	yes		IDS	
ACT-040	finish / end	ACT	2	v	yes		IDS	
ACT-041	kill	ACT	1	v	no	die + -ta(causative)	SW,LJ	derivable — pruned (classic policy demo)
ACT-042	grow	ACT	2	v	yes		SW	
MOT-001	enter	MOT	2	v	yes		IDS	
MOT-002	leave / exit	MOT	2	v	yes		IDS	
MOT-003	arrive	MOT	2	v	yes		IDS	
MOT-004	follow	MOT	2	v	yes		IDS	
MOT-005	rise / climb	MOT	2	v	yes		IDS	
MOT-006	send	MOT	2	v	yes		IDS	
SPA-001	this	SPA	1	fun	yes		SW	demonstrative (proximal)
SPA-002	that	SPA	1	fun	yes		SW	demonstrative (distal)
SPA-003	here	SPA	1	fun	yes		SW	
SPA-004	there	SPA	1	fun	yes		SW	
SPA-005	place	SPA	1	n	yes		IDS	
SPA-006	up / above	SPA	1	fun	yes		IDS	
SPA-007	down / below	SPA	1	fun	yes		IDS	
SPA-008	inside / in	SPA	2	fun	yes		IDS	cf. locative role marker lo (0002 §4)
SPA-009	outside / out	SPA	2	fun	yes		IDS	
SPA-010	front	SPA	2	n	yes		IDS	
SPA-011	back / behind	SPA	2	n	yes		IDS	
SPA-012	left	SPA	2	mod	yes		IDS	
SPA-013	right (side)	SPA	2	mod	yes		IDS	distinct from 'correct' PROP-042
SPA-014	side	SPA	2	n	yes		IDS	
SPA-015	middle / center	SPA	2	n	yes		IDS	
PER-001	see	PER	1	v	yes		SW,LJ	
PER-002	hear	PER	1	v	yes		SW	
PER-003	smell	PER	2	v	yes		SW	
PER-004	taste	PER	2	v	yes		IDS	
PER-005	touch	PER	2	v	yes		IDS	
PER-006	look at / watch	PER	2	v	yes		IDS	kept (active vs passive 'see')
PER-007	listen	PER	2	v	yes		IDS	kept (active vs passive 'hear')
PER-008	color	PER	2	n	yes		IDS	
PER-009	sound	PER	2	n	yes		IDS	
EMO-001	love	EMO	2	v	yes		IDS	
EMO-002	like	EMO	2	v	yes		IDS	
EMO-003	want	EMO	1	v	yes		IDS	
EMO-004	fear	EMO	1	v	yes		SW	
EMO-005	happy	EMO	2	mod	yes		IDS	core pair with sad
EMO-006	sad	EMO	2	mod	yes		IDS	promoted to root — basic emotion, high-transfer (rule 1)
EMO-007	angry	EMO	2	mod	yes		IDS	
EMO-008	laugh	EMO	2	v	yes		SW	
EMO-009	cry	EMO	2	v	yes		SW	
COG-001	know	COG	1	v	yes		SW,LJ	
COG-002	think	COG	1	v	yes		SW	
COG-003	understand	COG	2	v	yes		IDS	
COG-004	learn	COG	2	v	yes		IDS	teach = learn+causative (see COG-005)
COG-005	teach	COG	2	v	yes		IDS	promoted to root — many L1s lexicalise (rule 1)
COG-006	remember	COG	2	v	yes		IDS	core pair with forget
COG-007	forget	COG	2	v	no	remember + -ku(opposite)	IDS	derivable — pruned (policy demo)
COG-008	believe	COG	2	v	yes		IDS	
COG-009	mind / idea	COG	2	n	yes		IDS	
SPE-001	say / speak	SPE	1	v	yes		SW	
SPE-002	word	SPE	1	n	yes		SW	
SPE-003	name	SPE	1	n	yes		SW,LJ	
SPE-004	language	SPE	2	n	yes		IDS	
SPE-005	ask	SPE	2	v	yes		IDS	
SPE-006	answer	SPE	2	v	yes		IDS	
SPE-007	read	SPE	2	v	yes		MOD	
SPE-008	write	SPE	2	v	yes		IDS	
SPE-009	mean / meaning	SPE	2	n	yes		IDS	
POS-001	have	POS	1	v	yes		IDS	possession
POS-002	get / receive	POS	2	v	yes		IDS	
POS-003	buy	POS	2	v	yes		IDS	core pair with sell
POS-004	sell	POS	2	v	no	buy + -ku(opposite)	IDS	derivable (reverse transaction) — pruned (policy demo)
POS-005	pay	POS	2	v	yes		IDS	
SOC-001	group	SOC	2	n	yes		IDS	
SOC-002	leader	SOC	2	n	no	lead + -ki(agent)	IDS	derivable — pruned
SOC-003	war	SOC	2	n	yes		IDS	
SOC-004	fight	SOC	2	v	yes		IDS	
SOC-005	city / town	SOC	2	n	yes		IDS	
SOC-006	country	SOC	2	n	yes		IDS	
SOC-007	lead	SOC	2	v	yes		IDS	base for leader = lead+agent (SOC-002)
MOD-001	money	MOD	2	n	yes		MOD	internationalism candidate
MOD-002	book	MOD	2	n	yes		MOD	
MOD-003	paper	MOD	2	n	yes		MOD	internationalism candidate
MOD-004	school	MOD	2	n	no	learn + -de(place)	MOD	derivable — pruned (policy demo)
MOD-005	car	MOD	2	n	yes		MOD	internationalism candidate (auto-)
MOD-006	road / street	MOD	2	n	yes		IDS	
MOD-007	bus	MOD	3	n	yes		MOD	internationalism candidate
MOD-008	train	MOD	3	n	yes		MOD	internationalism candidate
MOD-009	phone	MOD	3	n	yes		MOD	internationalism candidate (telephone)
MOD-010	computer	MOD	3	n	yes		MOD	internationalism candidate
MOD-011	internet	MOD	3	n	yes		MOD	internationalism candidate
MOD-012	electricity	MOD	3	n	yes		MOD	internationalism candidate
MOD-013	machine	MOD	3	n	yes		MOD	internationalism candidate
MOD-014	hospital	MOD	3	n	yes		MOD	internationalism candidate
MOD-015	medicine	MOD	3	n	yes		MOD	internationalism candidate
MOD-016	doctor	MOD	3	n	yes		MOD	promoted to root — specific profession, meaning drifts from 'healer' (rule 1)
MOD-017	market	MOD	2	n	no	buy + -de(place)	IDS	derivable — pruned (policy demo)
MOD-018	government	MOD	3	n	yes		MOD	institution; full SOC/MOD set in the full sweep	
COR-001	this-person	COR	1	fun	no	ini- + -la (correlative grid)	FUN	0002 §6.7 correlatives table
COR-002	this-thing	COR	1	fun	no	ini- + -ko (correlative grid)	FUN	0002 §6.7 correlatives table
COR-003	this-reason	COR	1	fun	no	ini- + -fu (correlative grid)	FUN	0002 §6.7 correlatives table
COR-004	this-way	COR	1	fun	no	ini- + -wa (correlative grid)	FUN	0002 §6.7 correlatives table
COR-005	this-amount	COR	1	fun	no	ini- + -mu (correlative grid)	FUN	0002 §6.7 correlatives table
COR-006	that-person	COR	1	fun	no	itu- + -la (correlative grid)	FUN	0002 §6.7 correlatives table
COR-007	that-thing	COR	1	fun	no	itu- + -ko (correlative grid)	FUN	0002 §6.7 correlatives table
COR-008	that-time	COR	1	fun	no	itu- + -no (correlative grid)	FUN	0002 §6.7 correlatives table
COR-009	that-reason	COR	1	fun	no	itu- + -fu (correlative grid)	FUN	0002 §6.7 correlatives table
COR-010	that-way	COR	1	fun	no	itu- + -wa (correlative grid)	FUN	0002 §6.7 correlatives table
COR-011	that-amount	COR	1	fun	no	itu- + -mu (correlative grid)	FUN	0002 §6.7 correlatives table
COR-012	some-person	COR	1	fun	no	ba- + -la (correlative grid)	FUN	0002 §6.7 correlatives table
COR-013	some-thing	COR	1	fun	no	ba- + -ko (correlative grid)	FUN	0002 §6.7 correlatives table
COR-014	some-place	COR	1	fun	no	ba- + -lo (correlative grid)	FUN	0002 §6.7 correlatives table
COR-015	some-time	COR	1	fun	no	ba- + -no (correlative grid)	FUN	0002 §6.7 correlatives table
COR-016	some-reason	COR	1	fun	no	ba- + -fu (correlative grid)	FUN	0002 §6.7 correlatives table
COR-017	some-way	COR	1	fun	no	ba- + -wa (correlative grid)	FUN	0002 §6.7 correlatives table
COR-018	some-amount	COR	1	fun	no	ba- + -mu (correlative grid)	FUN	0002 §6.7 correlatives table
COR-019	no-person	COR	1	fun	no	ha- + -la (correlative grid)	FUN	0002 §6.7 correlatives table
COR-020	no-thing	COR	1	fun	no	ha- + -ko (correlative grid)	FUN	0002 §6.7 correlatives table
COR-021	no-place	COR	1	fun	no	ha- + -lo (correlative grid)	FUN	0002 §6.7 correlatives table
COR-022	no-reason	COR	1	fun	no	ha- + -fu (correlative grid)	FUN	0002 §6.7 correlatives table
COR-023	no-way	COR	1	fun	no	ha- + -wa (correlative grid)	FUN	0002 §6.7 correlatives table
COR-024	no-amount	COR	1	fun	no	ha- + -mu (correlative grid)	FUN	0002 §6.7 correlatives table
COR-025	every-person	COR	1	fun	no	o- + -la (correlative grid)	FUN	0002 §6.7 correlatives table
COR-026	every-thing	COR	1	fun	no	o- + -ko (correlative grid)	FUN	0002 §6.7 correlatives table
COR-027	every-place	COR	1	fun	no	o- + -lo (correlative grid)	FUN	0002 §6.7 correlatives table
COR-028	every-reason	COR	1	fun	no	o- + -fu (correlative grid)	FUN	0002 §6.7 correlatives table
COR-029	every-way	COR	1	fun	no	o- + -wa (correlative grid)	FUN	0002 §6.7 correlatives table
COR-030	every-amount	COR	1	fun	no	o- + -mu (correlative grid)	FUN	0002 §6.7 correlatives table
POS-006	exist / be (located)	POS	1	v	yes		IDS	existential/locative verb (0005 §2); cf hakuna = ha+kuna
FUN-022	hello	FUN	1	fun	yes		FUN	phatic interjection (0005 §5)
FUN-023	goodbye	FUN	1	fun	yes		FUN	phatic interjection (0005 §5)
FUN-024	please	FUN	1	fun	yes		FUN	phatic interjection (0005 §5)
FUN-025	thank you	FUN	1	fun	yes		FUN	phatic interjection (0005 §5)
FUN-026	sorry	FUN	1	fun	yes		FUN	phatic interjection (0005 §5)
FUN-027	okay	FUN	1	fun	yes		FUN	phatic interjection (0005 §5)
FUN-028	welcome	FUN	1	fun	yes		FUN	phatic interjection (0005 §5)
KIN-016	grandmother	KIN	2	n	yes		IDS	5b batch1 (Bantu)
KIN-017	grandfather	KIN	2	n	yes		IDS	5b batch1 (Bantu)
KIN-018	baby / infant	KIN	2	n	yes		IDS	5b batch1 (Austronesian)
KIN-019	adult	KIN	2	n	yes		IDS	5b batch1 (Austronesian)
KIN-020	family	KIN	2	n	yes		IDS	5b batch1 (Austronesian)
KIN-021	ancestor	KIN	3	n	yes		IDS	5b batch1 (Bantu)
KIN-022	neighbour	KIN	2	n	yes		IDS	5b batch1 (Austronesian)
KIN-023	guest	KIN	2	n	yes		IDS	5b batch1 (Austronesian)
KIN-024	enemy	KIN	2	n	yes		IDS	5b batch1 (Bantu)
KIN-025	self / oneself	KIN	2	n	yes		IDS	5b batch1 (Austronesian)
KIN-026	tribe / clan	KIN	3	n	yes		IDS	5b batch1 (Bantu)
KIN-027	member	KIN	3	n	yes		IDS	5b batch1 (Austronesian)
SOC-008	society	SOC	3	n	yes		IDS	5b batch1 (Japonic)
SOC-009	king / ruler	SOC	2	n	yes		IDS	5b batch1 (Bantu)
SOC-010	citizen	SOC	3	n	yes		IDS	5b batch1 (Austronesian)
SOC-011	law	SOC	2	n	yes		IDS	5b batch1 (Bantu)
SOC-012	rule	SOC	2	n	yes		IDS	5b batch1 (Austronesian)
SOC-013	right / entitlement	SOC	3	n	yes		IDS	5b batch1 (Bantu)
SOC-014	freedom	SOC	2	n	yes		IDS	5b batch1 (Austronesian)
SOC-015	peace	SOC	2	n	yes		IDS	5b batch1 (Bantu)
SOC-016	crime	SOC	3	n	yes		IDS	5b batch1 (Japonic)
SOC-017	police	SOC	3	n	yes		MOD	5b batch1 (international)
SOC-018	soldier	SOC	2	n	yes		IDS	5b batch1 (Austronesian)
SOC-019	army	SOC	3	n	yes		IDS	5b batch1 (Japonic)
SOC-020	religion	SOC	2	n	yes		IDS	5b batch1 (Austronesian)
SOC-021	god / deity	SOC	2	n	yes		IDS	5b batch1 (Austronesian)
SOC-022	spirit / soul	SOC	2	n	yes		IDS	5b batch1 (Austronesian)
SOC-023	history	SOC	3	n	yes		IDS	5b batch1 (Bantu)
SOC-024	culture	SOC	3	n	yes		IDS	5b batch1 (Austronesian)
SOC-025	power / authority	SOC	2	n	yes		IDS	5b batch1 (Austronesian)
SOC-026	tax	SOC	3	n	yes		IDS	5b batch1 (Bantu)
SOC-027	trade / commerce	SOC	2	n	yes		IDS	5b batch1 (Austronesian)
SOC-028	village	SOC	2	n	yes		IDS	5b batch1 (Bantu)
EMO-010	hope	EMO	2	v	yes		IDS	5b batch1 (Bantu)
EMO-011	worry / anxiety	EMO	2	v	yes		IDS	5b batch1 (Austronesian)
EMO-012	surprise	EMO	2	v	yes		IDS	5b batch1 (Japonic)
EMO-013	shame	EMO	2	n	yes		IDS	5b batch1 (Japonic)
EMO-014	proud / pride	EMO	2	mod	yes		IDS	5b batch1 (Austronesian)
EMO-015	hate	EMO	2	v	yes		IDS	5b batch1 (Japonic)
EMO-016	calm	EMO	2	mod	yes		IDS	5b batch1 (Japonic)
EMO-017	tired	EMO	2	mod	yes		IDS	5b batch1 (Austronesian)
EMO-018	pain / hurt	EMO	2	n	yes		IDS	5b batch1 (Austronesian)
EMO-019	brave	EMO	2	mod	yes		IDS	5b batch1 (Austronesian)
EMO-020	patience	EMO	3	n	yes		IDS	5b batch1 (Bantu)
EMO-021	lonely	EMO	2	mod	yes		IDS	5b batch1 (Japonic)
EMO-022	jealousy / envy	EMO	3	n	yes		IDS	5b batch1 (Bantu)
EMO-023	feeling / emotion	EMO	2	n	yes		IDS	5b batch1 (Bantu)
COG-010	wise / wisdom	COG	2	mod	yes		IDS	5b batch1 (Bantu)
COG-011	doubt	COG	2	v	yes		IDS	5b batch1 (Austronesian)
COG-012	decide	COG	2	v	yes		IDS	5b batch1 (Japonic)
COG-013	choose	COG	2	v	yes		IDS	5b batch1 (Austronesian)
COG-014	dream	COG	2	n	yes		IDS	5b batch1 (Japonic)
COG-015	notice / realise	COG	2	v	yes		IDS	5b batch1 (Japonic)
COG-016	mistake / error	COG	2	n	yes		IDS	5b batch1 (Japonic)
COG-017	problem	COG	2	n	yes		IDS	5b batch1 (Austronesian)
COG-018	ability / skill	COG	2	n	yes		IDS	5b batch1 (Bantu)
COG-019	can / be able	COG	1	v	yes		IDS	5b batch1 (Austronesian)
COG-020	must / have to	COG	1	v	yes		IDS	5b batch1 (Bantu)
COG-021	try / attempt	COG	2	v	yes		IDS	5b batch1 (Austronesian)
SPE-010	story	SPE	2	n	yes		IDS	5b batch1 (Austronesian)
SPE-011	news	SPE	2	n	yes		IDS	5b batch1 (Austronesian)
SPE-012	voice	SPE	2	n	yes		IDS	5b batch1 (Japonic)
SPE-013	letter / mail	SPE	2	n	yes		IDS	5b batch1 (Japonic)
SPE-014	promise	SPE	2	v	yes		IDS	5b batch1 (Japonic)
SPE-015	lie / falsehood	SPE	2	n	yes		IDS	5b batch1 (Japonic)
SPE-016	call / shout	SPE	2	v	yes		IDS	5b batch1 (Japonic)
SPE-017	sing	SPE	2	v	yes		IDS	5b batch1 (Japonic)
SPE-018	song	SPE	2	n	yes		IDS	5b batch1 (Bantu)
SPE-019	sentence	SPE	3	n	yes		IDS	5b batch1 (Austronesian)
SPE-020	sign / mark	SPE	2	n	yes		IDS	5b batch1 (Austronesian)
SPE-021	letter / character	SPE	3	n	yes		IDS	5b batch1 (Japonic)
SPE-022	agree	SPE	2	v	yes		IDS	5b batch1 (Austronesian)
SPE-023	refuse / reject	SPE	2	v	yes		IDS	5b batch1 (Austronesian)
FOO-009	meal	FOO	2	n	yes		IDS	5b batch1 (Japonic)
FOO-010	tea	FOO	2	n	yes		IDS	5b batch1 (Sinitic)
FOO-011	coffee	FOO	2	n	yes		IDS	5b batch1 (Austronesian)
FOO-012	alcohol / liquor	FOO	2	n	yes		IDS	5b batch1 (Japonic)
FOO-013	sugar	FOO	2	n	yes		IDS	5b batch1 (Austronesian)
FOO-014	flour	FOO	2	n	yes		IDS	5b batch1 (Japonic)
FOO-015	vegetable	FOO	2	n	yes		IDS	5b batch1 (Austronesian)
FOO-016	cheese	FOO	3	n	yes		IDS	5b batch1 (Austronesian)
FOO-017	soup	FOO	2	n	yes		IDS	5b batch1 (Bantu)
FOO-018	pepper / chili	FOO	2	n	yes		IDS	5b batch1 (Bantu)
FOO-019	honey	FOO	2	n	yes		IDS	5b batch1 (Bantu)
FOO-020	plate / dish	FOO	2	n	yes		IDS	5b batch1 (Austronesian)
FOO-021	cup	FOO	2	n	yes		IDS	5b batch1 (Bantu)
FOO-022	bottle	FOO	2	n	yes		IDS	5b batch1 (Bantu)
FOO-023	spoon	FOO	2	n	yes		IDS	5b batch1 (Bantu)
FOO-024	hungry	FOO	2	mod	yes		IDS	5b batch1 (Austronesian)
FOO-025	thirsty	FOO	2	mod	yes		IDS	5b batch1 (Austronesian)
FOO-026	delicious / tasty	FOO	2	mod	yes		IDS	5b batch1 (Japonic)
FOO-027	bitter	FOO	2	mod	yes		IDS	5b batch1 (Japonic)
FOO-028	sour	FOO	2	mod	yes		IDS	5b batch1 (Japonic)
FOO-029	fresh	FOO	2	mod	yes		IDS	5b batch1 (Austronesian)
ANI-013	chicken	ANI	2	n	yes		IDS	5b batch1 (Japonic)
ANI-014	pig	ANI	2	n	yes		IDS	5b batch1 (Japonic)
ANI-015	goat	ANI	2	n	yes		IDS	5b batch1 (Bantu)
ANI-016	snake	ANI	2	n	yes		IDS	5b batch1 (Austronesian)
ANI-017	insect / bug	ANI	2	n	yes		IDS	5b batch1 (Japonic)
ANI-018	lion	ANI	2	n	yes		IDS	5b batch1 (Austronesian)
ANI-019	elephant	ANI	2	n	yes		IDS	5b batch1 (Austronesian)
ANI-020	monkey	ANI	2	n	yes		IDS	5b batch1 (Japonic)
CLO-004	shirt	CLO	2	n	yes		IDS	5b batch1 (Austronesian)
CLO-005	trousers / pants	CLO	2	n	yes		IDS	5b batch1 (Austronesian)
CLO-006	hat	CLO	2	n	yes		IDS	5b batch1 (Austronesian)
CLO-007	jacket / coat	CLO	2	n	yes		IDS	5b batch1 (international)
CLO-008	button	CLO	2	n	yes		IDS	5b batch1 (Japonic)
CLO-009	pocket	CLO	2	n	yes		IDS	5b batch1 (Austronesian)
CLO-010	cloth / fabric	CLO	2	n	yes		IDS	5b batch1 (Bantu)
CLO-011	thread	CLO	2	n	yes		IDS	5b batch1 (Japonic)
CLO-012	needle	CLO	2	n	yes		IDS	5b batch1 (Japonic)
CLO-013	sew	CLO	2	v	yes		IDS	5b batch1 (Bantu)
CLO-014	ring	CLO	2	n	yes		IDS	5b batch1 (Japonic)
CLO-015	bag	CLO	2	n	yes		IDS	5b batch1 (Bantu)
DWE-010	room	DWE	2	n	yes		IDS	5b batch1 (Austronesian)
DWE-011	wall	DWE	2	n	yes		IDS	5b batch1 (Austronesian)
DWE-012	window	DWE	2	n	yes		IDS	5b batch1 (Austronesian)
DWE-013	floor	DWE	2	n	yes		IDS	5b batch1 (Japonic)
DWE-014	stairs	DWE	2	n	yes		IDS	5b batch1 (Japonic)
DWE-015	chair	DWE	2	n	yes		IDS	5b batch1 (Japonic)
DWE-016	lamp	DWE	2	n	yes		IDS	5b batch1 (Austronesian)
DWE-017	key	DWE	2	n	yes		IDS	5b batch1 (Japonic)
DWE-018	mirror	DWE	2	n	yes		IDS	5b batch1 (Japonic)
DWE-019	box	DWE	2	n	yes		IDS	5b batch1 (Bantu)
DWE-020	basket	DWE	2	n	yes		IDS	5b batch1 (Bantu)
DWE-021	pillow	DWE	2	n	yes		IDS	5b batch1 (Japonic)
DWE-022	soap	DWE	2	n	yes		IDS	5b batch1 (Bantu)
DWE-023	candle	DWE	3	n	yes		IDS	5b batch1 (Bantu)
DWE-024	clock / watch	DWE	2	n	yes		IDS	5b batch1 (Japonic)
DWE-025	garden / yard	DWE	2	n	yes		IDS	5b batch1 (Austronesian)
DWE-026	building	DWE	2	n	yes		IDS	5b batch1 (Japonic)
DWE-027	mat	DWE	2	n	yes		IDS	5b batch1 (Bantu)
AGR-010	farm / field	AGR	2	n	yes		IDS	5b batch1 (Japonic)
AGR-011	forest	AGR	2	n	yes		IDS	5b batch1 (Austronesian)
AGR-012	harvest	AGR	2	n	yes		IDS	5b batch1 (Austronesian)
AGR-013	branch	AGR	2	n	yes		IDS	5b batch1 (Japonic)
AGR-014	bean	AGR	2	n	yes		IDS	5b batch1 (Japonic)
AGR-015	maize / corn	AGR	2	n	yes		IDS	5b batch1 (Bantu)
AGR-016	mushroom	AGR	2	n	yes		IDS	5b batch1 (Japonic)
AGR-017	sow / plant (v)	AGR	2	v	yes		IDS	5b batch1 (Bantu)
MOD-019	bridge	MOD	2	n	yes		IDS	5b batch1 (Japonic)
MOD-020	station	MOD	3	n	yes		IDS	5b batch1 (Japonic)
MOD-021	factory	MOD	3	n	yes		IDS	5b batch1 (Japonic)
MOD-022	shop / store	MOD	2	n	yes		IDS	5b batch1 (Japonic)
MOD-023	hotel	MOD	3	n	yes		MOD	5b batch1 (international)
MOD-024	bank	MOD	3	n	yes		MOD	5b batch1 (international)
MOD-025	office	MOD	3	n	yes		IDS	5b batch1 (Austronesian)
MOD-026	ticket	MOD	3	n	yes		IDS	5b batch1 (Japonic)
MOD-027	map	MOD	2	n	yes		IDS	5b batch1 (Japonic)
MOD-028	picture / image	MOD	2	n	yes		IDS	5b batch1 (Bantu)
MOD-029	music	MOD	2	n	yes		IDS	5b batch1 (international)
MOD-030	art	MOD	3	n	yes		IDS	5b batch1 (Austronesian)
MOD-031	film / movie	MOD	3	n	yes		IDS	5b batch1 (Japonic)
MOD-032	camera	MOD	3	n	yes		MOD	5b batch1 (international)
MOD-033	television	MOD	3	n	yes		MOD	5b batch1 (international)
MOD-034	radio	MOD	3	n	yes		MOD	5b batch1 (international)
MOD-035	newspaper	MOD	3	n	yes		IDS	5b batch1 (Japonic)
MOD-036	science	MOD	3	n	yes		IDS	5b batch1 (Japonic)
MOD-037	energy	MOD	3	n	yes		IDS	5b batch1 (Austronesian)
MOD-038	engine / motor	MOD	3	n	yes		MOD	5b batch1 (international)
MOD-039	wheel	MOD	2	n	yes		IDS	5b batch1 (Austronesian)
MOD-040	price / cost	MOD	2	n	yes		IDS	5b batch1 (Japonic)
MOD-041	company / firm	MOD	3	n	yes		IDS	5b batch1 (Japonic)
MOD-042	plan / project	MOD	2	n	yes		IDS	5b batch1 (Austronesian)
MOD-043	result / outcome	MOD	2	n	yes		IDS	5b batch1 (Austronesian)
MOD-044	aeroplane	MOD	3	n	yes		IDS	5b batch1 (Japonic)
MOD-045	ship / boat	MOD	2	n	yes		IDS	5b batch1 (Japonic)
MOD-046	bicycle	MOD	3	n	yes		IDS	5b batch1 (Bantu)
TIM-023	minute	TIM	2	n	yes		IDS	5b batch1 (Austronesian)
TIM-024	season	TIM	2	n	yes		IDS	5b batch1 (Japonic)
BOD-033	lung	BOD	2	n	yes		IDS	5b batch1 (Bantu)
BOD-034	liver	BOD	2	n	yes		IDS	5b batch1 (Bantu)
BOD-035	throat	BOD	2	n	yes		IDS	5b batch1 (Bantu)
BOD-036	brain	BOD	2	n	yes		IDS	5b batch1 (Bantu)
BOD-037	cheek	BOD	2	n	yes		IDS	5b batch1 (Bantu)
BOD-038	lip	BOD	2	n	yes		IDS	5b batch1 (Bantu)
BOD-039	shoulder	BOD	2	n	yes		IDS	5b batch1 (Bantu)
BOD-040	elbow	BOD	3	n	yes		IDS	5b batch1 (Bantu)
BOD-041	hip	BOD	3	n	yes		IDS	5b batch1 (Bantu)
BOD-042	heel	BOD	3	n	yes		IDS	5b batch1 (Bantu)
BOD-043	kidney	BOD	3	n	yes		IDS	5b batch1 (Bantu)
BOD-044	muscle	BOD	2	n	yes		IDS	5b batch1 (Indo-Aryan)
BOD-045	vein	BOD	3	n	yes		IDS	5b batch1 (Indo-Aryan)
BOD-046	nerve	BOD	3	n	yes		IDS	5b batch1 (Indo-Aryan)
BOD-047	womb	BOD	3	n	yes		IDS	5b batch1 (Indo-Aryan)
BOD-048	fist	BOD	3	n	yes		IDS	5b batch1 (Indo-Aryan)
BOD-049	navel	BOD	3	n	yes		IDS	5b batch1 (Indo-Aryan)
BOD-050	ankle	BOD	3	n	yes		IDS	5b batch1 (Indo-Aryan)
BOD-051	eyebrow	BOD	3	n	yes		IDS	5b batch1 (Indo-Aryan)
BOD-052	chin	BOD	3	n	yes		IDS	5b batch1 (Indo-Aryan)
BOD-053	jaw	BOD	3	n	yes		IDS	5b batch1 (Bantu)
BOD-054	skull	BOD	3	n	yes		IDS	5b batch1 (Bantu)
BOD-055	limb	BOD	3	n	yes		IDS	5b batch1 (Sinitic)
BOD-056	gland	BOD	3	n	yes		IDS	5b batch1 (Romance)
BOD-057	artery	BOD	3	n	yes		IDS	5b batch1 (Romance)
BOD-058	skeleton	BOD	3	n	yes		IDS	5b batch1 (Romance)
BOD-059	beard	BOD	2	n	yes		IDS	5b batch1 (Semitic)
BOD-060	waist	BOD	2	n	yes		IDS	5b batch1 (Austronesian)
BOD-061	calf (of leg)	BOD	3	n	yes		IDS	5b batch1 (Austronesian)
BOD-062	pregnant	BOD	2	mod	yes		IDS	5b batch1 (Indo-Aryan)
BOD-063	breath	BOD	2	n	yes		IDS	5b batch1 (Bantu)
BOD-064	bald	BOD	3	mod	yes		IDS	5b batch1 (Indo-Aryan)
BOD-065	sweat	BOD	2	v	yes		IDS	5b batch1 (Bantu)
BOD-066	cough	BOD	2	v	yes		IDS	5b batch1 (Bantu)
BOD-067	sneeze	BOD	2	v	yes		IDS	5b batch1 (Bantu)
BOD-068	yawn	BOD	3	v	yes		IDS	5b batch1 (Bantu)
BOD-069	saliva	BOD	3	n	yes		IDS	5b batch1 (Bantu)
BOD-070	scar	BOD	3	n	yes		IDS	5b batch1 (Bantu)
BOD-071	bleed	BOD	2	v	yes		IDS	5b batch1 (Sinitic)
BOD-072	swallow	BOD	2	v	yes		IDS	5b batch1 (Sinitic)
BOD-073	chew	BOD	2	v	yes		IDS	5b batch1 (Sinitic)
BOD-074	itch	BOD	2	v	yes		IDS	5b batch1 (Indo-Aryan)
BOD-075	spit	BOD	3	v	yes		IDS	5b batch1 (Semitic)
BOD-076	digest	BOD	3	v	yes		IDS	5b batch1 (Romance)
BOD-077	blink	BOD	3	v	yes		IDS	5b batch1 (Austronesian)
BOD-078	urine	BOD	3	n	yes		IDS	5b batch1 (Indo-Aryan)
PER-010	glance	PER	2	v	yes		IDS	5b batch1 (Bantu)
PER-011	stare / gaze	PER	2	v	yes		IDS	5b batch1 (Bantu)
PER-012	odour / scent	PER	2	n	yes		IDS	5b batch1 (Bantu)
PER-013	flavour	PER	2	n	yes		IDS	5b batch1 (Indo-Aryan)
PER-014	brightness	PER	3	n	yes		IDS	5b batch1 (Bantu)
PER-015	darkness	PER	2	n	yes		IDS	5b batch1 (Bantu)
PER-016	loud / noisy	PER	2	mod	yes		IDS	5b batch1 (Bantu)
PER-017	silent / quiet	PER	2	mod	yes		IDS	5b batch1 (Bantu)
PER-018	fragrance	PER	2	n	yes		IDS	5b batch1 (Indo-Aryan)
PER-019	stench	PER	2	n	yes		IDS	5b batch1 (Indo-Aryan)
PER-020	perceive / sense	PER	2	v	yes		IDS	5b batch1 (Indo-Aryan)
PER-021	observe	PER	2	v	yes		IDS	5b batch1 (Sinitic)
PER-022	sensation	PER	2	n	yes		IDS	5b batch1 (Romance)
PER-023	echo	PER	3	n	yes		IDS	5b batch1 (Semitic)
PER-024	aroma	PER	2	n	yes		IDS	5b batch1 (Semitic)
PER-025	sticky	PER	3	mod	yes		IDS	5b batch1 (Austronesian)
PER-026	slippery	PER	3	mod	yes		IDS	5b batch1 (Austronesian)
MOT-007	return / go back	MOT	2	v	yes		IDS	5b batch1 (Bantu)
MOT-008	jump / leap	MOT	2	v	yes		IDS	5b batch1 (Bantu)
MOT-009	flee / escape	MOT	2	v	yes		IDS	5b batch1 (Bantu)
MOT-010	chase / pursue	MOT	2	v	yes		IDS	5b batch1 (Bantu)
MOT-011	crawl	MOT	2	v	yes		IDS	5b batch1 (Bantu)
MOT-012	approach / draw near	MOT	2	v	yes		IDS	5b batch1 (Bantu)
MOT-013	pass by	MOT	2	v	yes		IDS	5b batch1 (Bantu)
MOT-014	slide / slip	MOT	2	v	yes		IDS	5b batch1 (Bantu)
MOT-015	wander / roam	MOT	3	v	yes		IDS	5b batch1 (Bantu)
MOT-016	tremble / shake	MOT	2	v	yes		IDS	5b batch1 (Bantu)
MOT-017	spin / rotate	MOT	2	v	yes		IDS	5b batch1 (Bantu)
MOT-018	collide / crash	MOT	3	v	yes		IDS	5b batch1 (Bantu)
MOT-019	cross / traverse	MOT	2	v	yes		IDS	5b batch1 (Indo-Aryan)
MOT-020	retreat / withdraw	MOT	2	v	yes		IDS	5b batch1 (Indo-Aryan)
MOT-021	gather / assemble	MOT	2	v	yes		IDS	5b batch1 (Indo-Aryan)
MOT-022	drag / haul	MOT	3	v	yes		IDS	5b batch1 (Indo-Aryan)
MOT-023	float / drift	MOT	2	v	yes		IDS	5b batch1 (Indo-Aryan)
MOT-024	stumble / trip	MOT	3	v	yes		IDS	5b batch1 (Indo-Aryan)
MOT-025	step / pace	MOT	2	v	yes		IDS	5b batch1 (Bantu)
MOT-026	advance / go forward	MOT	2	v	yes		IDS	5b batch1 (Sinitic)
MOT-027	fall over / topple	MOT	2	v	yes		IDS	5b batch1 (Sinitic)
MOT-028	roll	MOT	2	v	yes		IDS	5b batch1 (Sinitic)
MOT-029	ascend / climb up	MOT	2	v	yes		IDS	5b batch1 (Romance)
MOT-030	circulate	MOT	3	v	yes		IDS	5b batch1 (Romance)
MOT-031	navigate / steer	MOT	3	v	yes		IDS	5b batch1 (Romance)
MOT-032	accelerate / speed up	MOT	3	v	yes		IDS	5b batch1 (Romance)
MOT-033	depart / set off	MOT	2	v	yes		IDS	5b batch1 (Semitic)
MOT-034	hurry / rush	MOT	2	v	yes		IDS	5b batch1 (Semitic)
MOT-035	creep / sneak	MOT	3	v	yes		IDS	5b batch1 (Austronesian)
MOD-047	sick / ill	MOD	2	mod	yes		IDS	5b batch1 (Bantu)
MOD-048	fever	MOD	2	n	yes		IDS	5b batch1 (Bantu)
MOD-049	wound / injury	MOD	2	n	yes		IDS	5b batch1 (Bantu)
MOD-050	disease / illness	MOD	2	n	yes		IDS	5b batch1 (Bantu)
MOD-051	swell / swelling	MOD	3	v	yes		IDS	5b batch1 (Bantu)
MOD-052	poison / venom	MOD	2	n	yes		IDS	5b batch1 (Bantu)
MOD-053	health	MOD	2	n	yes		IDS	5b batch1 (Bantu)
MOD-054	blind	MOD	2	mod	yes		IDS	5b batch1 (Bantu)
MOD-055	deaf	MOD	2	mod	yes		IDS	5b batch1 (Bantu)
MOD-056	sore / ulcer	MOD	3	n	yes		IDS	5b batch1 (Bantu)
MOD-057	cure / remedy	MOD	2	n	yes		IDS	5b batch1 (Indo-Aryan)
MOD-058	drug / medication	MOD	2	n	yes		IDS	5b batch1 (Indo-Aryan)
MOD-059	cold / flu	MOD	2	n	yes		IDS	5b batch1 (Sinitic)
MOD-060	vitality / strength (health)	MOD	3	n	yes		IDS	5b batch1 (Bantu)
MOD-061	lame / crippled	MOD	3	mod	yes		IDS	5b batch1 (Indo-Aryan)
MOD-062	virus	MOD	2	n	yes		IDS	5b batch1 (Sinitic)
MOD-063	infect / infection	MOD	3	v	yes		IDS	5b batch1 (Sinitic)
MOD-064	tumor / lump	MOD	3	n	yes		IDS	5b batch1 (Sinitic)
MOD-065	vaccine	MOD	3	n	yes		IDS	5b batch1 (Sinitic)
MOD-066	diarrhea	MOD	3	n	yes		IDS	5b batch1 (Sinitic)
MOD-067	surgery / operation	MOD	2	n	yes		IDS	5b batch1 (Romance)
MOD-068	nurse	MOD	2	n	yes		IDS	5b batch1 (Bantu)
MOD-069	clinic	MOD	3	n	yes		IDS	5b batch1 (Romance)
MOD-070	antibiotic	MOD	3	n	yes		IDS	5b batch1 (Romance)
MOD-071	epidemic / plague	MOD	3	n	yes		IDS	5b batch1 (Romance)
MOD-072	pill / tablet	MOD	2	n	yes		IDS	5b batch1 (Romance)
MOD-073	ointment / balm	MOD	3	n	yes		IDS	5b batch1 (Semitic)
MOD-074	contagion / catch (illness)	MOD	3	n	yes		IDS	5b batch1 (Japonic)
MOD-075	dizzy / faint	MOD	3	mod	yes		IDS	5b batch1 (Bantu)
MOD-076	recover / heal up	MOD	2	v	yes		IDS	5b batch1 (Bantu)
PROP-055	important	PROP	2	mod	yes		IDS	5b batch1 (Bantu)
PROP-056	necessary	PROP	2	mod	yes		IDS	5b batch1 (Romance)
PROP-057	possible	PROP	2	mod	yes		IDS	5b batch1 (Romance)
PROP-058	useful	PROP	2	mod	yes		IDS	5b batch1 (Romance)
PROP-059	difficult	PROP	2	mod	yes		IDS	5b batch1 (Indo-Aryan)
PROP-060	simple / easy	PROP	2	mod	yes		IDS	5b batch1 (Bantu)
PROP-061	dangerous	PROP	2	mod	yes		IDS	5b batch1 (Bantu)
PROP-062	safe	PROP	2	mod	yes		IDS	5b batch1 (Bantu)
PROP-063	strange / odd	PROP	2	mod	yes		IDS	5b batch1 (Semitic)
PROP-064	common / usual	PROP	2	mod	yes		IDS	5b batch1 (Semitic)
PROP-065	normal	PROP	2	mod	yes		IDS	5b batch1 (Romance)
PROP-066	real / actual	PROP	2	mod	yes		IDS	5b batch1 (Bantu)
PROP-067	certain / sure	PROP	2	mod	yes		IDS	5b batch1 (Semitic)
PROP-068	main / chief	PROP	2	mod	yes		IDS	5b batch1 (Indo-Aryan)
PROP-069	whole / entire	PROP	2	mod	yes		IDS	5b batch1 (Indo-Aryan)
PROP-070	double	PROP	2	mod	yes		IDS	5b batch1 (Romance)
PROP-071	busy	PROP	2	mod	yes		IDS	5b batch1 (Indo-Aryan)
PROP-072	ready	PROP	2	mod	yes		IDS	5b batch1 (Bantu)
PROP-073	serious	PROP	2	mod	yes		IDS	5b batch1 (Indo-Aryan)
PROP-074	clear / obvious	PROP	2	mod	yes		IDS	5b batch1 (Indo-Aryan)
PROP-075	secret / hidden	PROP	2	mod	yes		IDS	5b batch1 (Bantu)
PROP-076	public	PROP	2	mod	yes		IDS	5b batch1 (Romance)
PROP-077	general	PROP	2	mod	yes		IDS	5b batch1 (Romance)
PROP-078	special	PROP	2	mod	yes		IDS	5b batch1 (Indo-Aryan)
PROP-079	basic / fundamental	PROP	2	mod	yes		IDS	5b batch1 (Indo-Aryan)
PROP-080	total / entire	PROP	2	mod	yes		IDS	5b batch1 (Bantu)
PROP-081	extra / spare	PROP	2	mod	yes		IDS	5b batch1 (Semitic)
PROP-082	ordinary	PROP	2	mod	yes		IDS	5b batch1 (Indo-Aryan)
PROP-083	similar / alike	PROP	2	mod	yes		IDS	5b batch1 (Indo-Aryan)
PROP-084	opposite / reverse	PROP	2	mod	yes		IDS	5b batch1 (Bantu)
PROP-085	equal	PROP	2	mod	yes		IDS	5b batch1 (Bantu)
PROP-086	fair / just	PROP	2	mod	yes		IDS	5b batch1 (Semitic)
PROP-087	honest	PROP	2	mod	yes		IDS	5b batch1 (Bantu)
PROP-088	rare	PROP	2	mod	yes		IDS	5b batch1 (Semitic)
PROP-089	modern	PROP	2	mod	yes		IDS	5b batch1 (Romance)
PROP-090	ancient / old	PROP	2	mod	yes		IDS	5b batch1 (Semitic)
PROP-091	natural	PROP	2	mod	yes		IDS	5b batch1 (Romance)
PROP-092	useless / vain	PROP	2	mod	yes		IDS	5b batch1 (Indo-Aryan)
PROP-093	precious / valuable	PROP	2	mod	yes		IDS	5b batch1 (Bantu)
PROP-094	famous	PROP	2	mod	yes		IDS	5b batch1 (Semitic)
PROP-095	complete / finished	PROP	2	mod	yes		IDS	5b batch1 (Semitic)
PROP-096	sharp-witted / clever	PROP	2	mod	yes		IDS	5b batch1 (Indo-Aryan)
PROP-097	stupid / foolish	PROP	2	mod	yes		IDS	5b batch1 (Bantu)
PROP-098	brief / temporary	PROP	2	mod	yes		IDS	5b batch1 (Indo-Aryan)
PROP-099	main-real / genuine	PROP	3	mod	yes		IDS	5b batch1 (Semitic)
PROP-100	flexible / soft	PROP	3	mod	yes		IDS	5b batch1 (Indo-Aryan)
PROP-101	rigid / stiff	PROP	3	mod	yes		IDS	5b batch1 (Indo-Aryan)
PROP-102	steady / stable	PROP	2	mod	yes		IDS	5b batch1 (Indo-Aryan)
PROP-103	sudden	PROP	2	mod	yes		IDS	5b batch1 (Indo-Aryan)
PROP-104	gradual / slow	PROP	3	mod	yes		IDS	5b batch1 (Romance)
COG-022	imagine	COG	2	v	yes		IDS	5b batch1 (Indo-Aryan)
COG-023	guess / estimate	COG	2	v	yes		IDS	5b batch1 (Indo-Aryan)
COG-024	plan / arrange	COG	2	v	yes		IDS	5b batch1 (Indo-Aryan)
COG-025	compare	COG	2	v	yes		IDS	5b batch1 (Romance)
COG-026	judge / weigh	COG	2	v	yes		IDS	5b batch1 (Semitic)
COG-027	intend / aim	COG	2	v	yes		IDS	5b batch1 (Semitic)
COG-028	expect / await	COG	2	v	yes		IDS	5b batch1 (Bantu)
COG-029	assume / suppose	COG	2	v	yes		IDS	5b batch1 (Indo-Aryan)
COG-030	conclude / decide	COG	2	v	yes		IDS	5b batch1 (Romance)
COG-031	focus / concentrate	COG	2	v	yes		IDS	5b batch1 (Sinitic)
COG-032	confuse / muddle	COG	2	v	yes		IDS	5b batch1 (Bantu)
COG-033	consider / ponder	COG	2	v	yes		IDS	5b batch1 (Romance)
COG-034	examine / analyze	COG	2	v	yes		IDS	5b batch1 (Bantu)
COG-035	predict / foretell	COG	2	v	yes		IDS	5b batch1 (Sinitic)
COG-036	prove / verify	COG	2	v	yes		IDS	5b batch1 (Bantu)
COG-037	solve / resolve	COG	2	v	yes		IDS	5b batch1 (Bantu)
COG-038	interpret / explain	COG	2	v	yes		IDS	5b batch1 (Semitic)
COG-039	convince / persuade	COG	2	v	yes		IDS	5b batch1 (Semitic)
COG-040	knowledge	COG	2	n	yes		IDS	5b batch1 (Indo-Aryan)
COG-041	opinion / view	COG	2	n	yes		IDS	5b batch1 (Indo-Aryan)
COG-042	purpose / goal	COG	2	n	yes		IDS	5b batch1 (Bantu)
COG-043	intention	COG	2	n	yes		IDS	5b batch1 (Indo-Aryan)
COG-044	attention	COG	2	n	yes		IDS	5b batch1 (Romance)
COG-045	memory	COG	2	n	yes		IDS	5b batch1 (Indo-Aryan)
COG-046	concept / notion	COG	2	n	yes		IDS	5b batch1 (Indo-Aryan)
COG-047	theory	COG	2	n	yes		IDS	5b batch1 (Semitic)
COG-048	logic / reason	COG	2	n	yes		IDS	5b batch1 (Romance)
COG-049	proof / evidence	COG	2	n	yes		IDS	5b batch1 (Semitic)
COG-050	wisdom	COG	2	n	yes		IDS	5b batch1 (Indo-Aryan)
COG-051	curiosity	COG	2	n	yes		IDS	5b batch1 (Bantu)
COG-052	skill / expertise	COG	2	n	yes		IDS	5b batch1 (Semitic)
COG-053	method / way	COG	2	n	yes		IDS	5b batch1 (Indo-Aryan)
COG-054	truth	COG	2	n	yes		IDS	5b batch1 (Indo-Aryan)
COG-055	secret / mystery	COG	3	n	yes		IDS	5b batch1 (Semitic)
QTY-031	weight	QTY	2	n	yes		IDS	5b batch1 (Bantu)
QTY-032	length	QTY	2	n	yes		IDS	5b batch1 (Austronesian)
QTY-033	width	QTY	2	n	yes		IDS	5b batch1 (Bantu)
QTY-034	height / tallness	QTY	2	n	yes		IDS	5b batch1 (Bantu)
QTY-035	measure / gauge	QTY	2	v	yes		IDS	5b batch1 (Bantu)
QTY-036	amount / quantity	QTY	2	n	yes		IDS	5b batch1 (Indo-Aryan)
QTY-037	add / sum	QTY	2	v	yes		IDS	5b batch1 (Indo-Aryan)
QTY-038	subtract / remove	QTY	2	v	yes		IDS	5b batch1 (Indo-Aryan)
QTY-039	multiply	QTY	2	v	yes		IDS	5b batch1 (Indo-Aryan)
QTY-040	divide / split	QTY	2	v	yes		IDS	5b batch1 (Semitic)
QTY-041	pair / couple	QTY	2	n	yes		IDS	5b batch1 (Indo-Aryan)
QTY-042	dozen	QTY	3	n	yes		IDS	5b batch1 (Romance)
QTY-043	percent	QTY	2	n	yes		IDS	5b batch1 (Romance)
QTY-044	average / mean	QTY	3	n	yes		IDS	5b batch1 (Semitic)
QTY-045	degree / level	QTY	2	n	yes		IDS	5b batch1 (Semitic)
QTY-046	quarter / fourth	QTY	2	n	yes		IDS	5b batch1 (Indo-Aryan)
QTY-047	majority / most	QTY	2	n	yes		IDS	5b batch1 (Bantu)
QTY-048	limit / bound	QTY	2	n	yes		IDS	5b batch1 (Bantu)
QTY-049	total / sum	QTY	2	n	yes		IDS	5b batch1 (Semitic)
QTY-050	gram	QTY	3	n	yes		IDS	5b batch1 (Romance)
QTY-051	meter (unit)	QTY	3	n	yes		IDS	5b batch1 (Romance)
QTY-052	liter	QTY	3	n	yes		IDS	5b batch1 (Romance)
QTY-053	kilo / kilogram	QTY	3	n	yes		IDS	5b batch1 (Romance)
QTY-054	dose / portion	QTY	3	n	yes		IDS	5b batch1 (Semitic)
TIM-025	future	TIM	2	n	yes		IDS	5b batch1 (Indo-Aryan)
TIM-026	past / bygone	TIM	2	n	yes		IDS	5b batch1 (Indo-Aryan)
TIM-027	present / current	TIM	2	mod	yes		IDS	5b batch1 (Indo-Aryan)
TIM-028	moment / instant	TIM	2	n	yes		IDS	5b batch1 (Indo-Aryan)
TIM-029	period / phase	TIM	2	n	yes		IDS	5b batch1 (Bantu)
TIM-030	era / age	TIM	2	n	yes		IDS	5b batch1 (Indo-Aryan)
TIM-031	dawn / daybreak	TIM	2	n	yes		IDS	5b batch1 (Semitic)
TIM-032	dusk / twilight	TIM	2	n	yes		IDS	5b batch1 (Indo-Aryan)
TIM-033	schedule / timetable	TIM	2	n	yes		IDS	5b batch1 (Semitic)
TIM-034	delay / lateness	TIM	2	n	yes		IDS	5b batch1 (Bantu)
TIM-035	calendar	TIM	2	n	yes		IDS	5b batch1 (Romance)
TIM-036	century	TIM	3	n	yes		IDS	5b batch1 (Romance)
TIM-037	decade	TIM	3	n	yes		IDS	5b batch1 (Indo-Aryan)
TIM-038	duration / span	TIM	2	n	yes		IDS	5b batch1 (Indo-Aryan)
TIM-039	frequency / rate	TIM	3	n	yes		IDS	5b batch1 (Indo-Aryan)
TIM-040	midnight	TIM	2	n	yes		IDS	5b batch1 (Bantu)
TIM-041	midday / noon	TIM	2	n	yes		IDS	5b batch1 (Semitic)
TIM-042	stage / step	TIM	2	n	yes		IDS	5b batch1 (Indo-Aryan)
TIM-043	recently / lately	TIM	2	mod	yes		IDS	5b batch1 (Semitic)
TIM-044	constantly / ever	TIM	3	mod	yes		IDS	5b batch1 (Indo-Aryan)
SPA-016	between / among	SPA	2	n	yes		IDS	5b batch1 (Bantu)
SPA-017	around / about	SPA	2	n	yes		IDS	5b batch1 (Indo-Aryan)
SPA-018	through / via	SPA	2	n	yes		IDS	5b batch1 (Bantu)
SPA-019	across / opposite	SPA	2	n	yes		IDS	5b batch1 (Indo-Aryan)
SPA-020	beyond / past	SPA	2	n	yes		IDS	5b batch1 (Indo-Aryan)
SPA-021	against / facing	SPA	2	n	yes		IDS	5b batch1 (Indo-Aryan)
SPA-022	edge / rim	SPA	2	n	yes		IDS	5b batch1 (Bantu)
SPA-023	corner / angle	SPA	2	n	yes		IDS	5b batch1 (Bantu)
SPA-024	gap / space	SPA	2	n	yes		IDS	5b batch1 (Indo-Aryan)
SPA-025	direction	SPA	2	n	yes		IDS	5b batch1 (Indo-Aryan)
SPA-026	layer / level	SPA	2	n	yes		IDS	5b batch1 (Semitic)
SPA-027	border / boundary	SPA	2	n	yes		IDS	5b batch1 (Indo-Aryan)
SPA-028	distance	SPA	2	n	yes		IDS	5b batch1 (Indo-Aryan)
SPA-029	region / area	SPA	2	n	yes		IDS	5b batch1 (Indo-Aryan)
SPA-030	zone / belt	SPA	3	n	yes		IDS	5b batch1 (Bantu)
SPA-031	row / line	SPA	2	n	yes		IDS	5b batch1 (Bantu)
SPA-032	position / spot	SPA	2	n	yes		IDS	5b batch1 (Indo-Aryan)
SPA-033	slope / incline	SPA	3	n	yes		IDS	5b batch1 (Bantu)
SPA-034	top / summit	SPA	2	n	yes		IDS	5b batch1 (Bantu)
SPA-035	bottom / base	SPA	2	n	yes		IDS	5b batch1 (Indo-Aryan)
PHY-029	hill	PHY	2	n	yes		IDS	5b batch1 (Bantu)
PHY-030	valley	PHY	2	n	yes		IDS	5b batch1 (Romance)
PHY-031	island	PHY	2	n	yes		IDS	5b batch1 (Bantu)
PHY-032	coast / shore	PHY	2	n	yes		IDS	5b batch1 (Indo-Aryan)
PHY-033	desert	PHY	2	n	yes		IDS	5b batch1 (Semitic)
PHY-034	plain / grassland	PHY	3	n	yes		IDS	5b batch1 (Bantu)
PHY-035	cave	PHY	2	n	yes		IDS	5b batch1 (Bantu)
PHY-036	cliff	PHY	3	n	yes		IDS	5b batch1 (Bantu)
PHY-037	swamp / marsh	PHY	3	n	yes		IDS	5b batch1 (Indo-Aryan)
PHY-038	stream / brook	PHY	2	n	yes		IDS	5b batch1 (Bantu)
PHY-039	spring (water source)	PHY	3	n	yes		IDS	5b batch1 (Semitic)
PHY-040	well (water)	PHY	2	n	yes		IDS	5b batch1 (Semitic)
PHY-041	pond / pool	PHY	2	n	yes		IDS	5b batch1 (Indo-Aryan)
PHY-042	wave	PHY	2	n	yes		IDS	5b batch1 (Indo-Aryan)
PHY-043	mud	PHY	2	n	yes		IDS	5b batch1 (Bantu)
PHY-044	clay	PHY	2	n	yes		IDS	5b batch1 (Bantu)
PHY-045	gold	PHY	2	n	yes		IDS	5b batch1 (Indo-Aryan)
PHY-046	silver	PHY	2	n	yes		IDS	5b batch1 (Indo-Aryan)
PHY-047	iron	PHY	2	n	yes		IDS	5b batch1 (Indo-Aryan)
PHY-048	copper	PHY	3	n	yes		IDS	5b batch1 (Sinitic)
PHY-049	coal	PHY	2	n	yes		IDS	5b batch1 (Sinitic)
PHY-050	glass	PHY	2	n	yes		IDS	5b batch1 (Indo-Aryan)
PHY-051	jewel / gem	PHY	3	n	yes		IDS	5b batch1 (Indo-Aryan)
PHY-052	diamond	PHY	3	n	yes		IDS	5b batch1 (Indo-Aryan)
PHY-053	ocean / deep sea	PHY	2	n	yes		IDS	5b batch1 (Semitic)
PHY-054	earthquake	PHY	3	n	yes		IDS	5b batch1 (Indo-Aryan)
PHY-055	volcano	PHY	3	n	yes		IDS	5b batch1 (Romance)
PHY-056	weather / climate	PHY	2	n	yes		IDS	5b batch1 (Indo-Aryan)
PHY-057	storm	PHY	2	n	yes		IDS	5b batch1 (Semitic)
PHY-058	thunder	PHY	2	n	yes		IDS	5b batch1 (Indo-Aryan)
PHY-059	lightning	PHY	2	n	yes		IDS	5b batch1 (Indo-Aryan)
PHY-060	fog / mist	PHY	2	n	yes		IDS	5b batch1 (Indo-Aryan)
PHY-061	dew	PHY	3	n	yes		IDS	5b batch1 (Indo-Aryan)
PHY-062	flood	PHY	2	n	yes		IDS	5b batch1 (Semitic)
PHY-063	drought	PHY	3	n	yes		IDS	5b batch1 (Indo-Aryan)
PHY-064	rainbow	PHY	2	n	yes		IDS	5b batch1 (Indo-Aryan)
PHY-065	heat / warmth	PHY	2	n	yes		IDS	5b batch1 (Indo-Aryan)
PHY-066	planet	PHY	3	n	yes		IDS	5b batch1 (Indo-Aryan)
PHY-067	universe / cosmos	PHY	3	n	yes		IDS	5b batch1 (Indo-Aryan)
PHY-068	gas	PHY	3	n	yes		IDS	5b batch1 (Romance)
PHY-069	steam / vapour	PHY	3	n	yes		IDS	5b batch1 (Indo-Aryan)
PHY-070	flame	PHY	2	n	yes		IDS	5b batch1 (Indo-Aryan)
PHY-071	spark	PHY	3	n	yes		IDS	5b batch1 (Indo-Aryan)
PHY-072	leather / hide	PHY	2	n	yes		IDS	5b batch1 (Indo-Aryan)
PHY-073	rubber	PHY	3	n	yes		IDS	5b batch1 (Romance)
PHY-074	plastic	PHY	3	n	yes		IDS	5b batch1 (Romance)
PHY-075	powder	PHY	3	n	yes		IDS	5b batch1 (Sinitic)
PHY-076	north	PHY	2	n	yes		IDS	5b batch1 (Austronesian)
PHY-077	south	PHY	2	n	yes		IDS	5b batch1 (Indo-Aryan)
PHY-078	east	PHY	2	n	yes		IDS	5b batch1 (Semitic)
PHY-079	west	PHY	2	n	yes		IDS	5b batch1 (Semitic)
PHY-080	hole / pit	PHY	2	n	yes		IDS	5b batch1 (Indo-Aryan)
PHY-081	horizon	PHY	3	n	yes		IDS	5b batch1 (Bantu)
PHY-082	peak / summit	PHY	2	n	yes		IDS	5b batch1 (Indo-Aryan)
PHY-083	slope / hillside	PHY	3	n	yes		IDS	5b batch1 (Indo-Aryan)
PHY-084	current / flow	PHY	3	n	yes		IDS	5b batch1 (Indo-Aryan)
PHY-085	tide	PHY	3	n	yes		IDS	5b batch1 (Bantu)
PHY-086	crystal	PHY	3	n	yes		IDS	5b batch1 (Indo-Aryan)
PHY-087	marble / stone-slab	PHY	3	n	yes		IDS	5b batch1 (Indo-Aryan)
PHY-088	clayware / pottery	PHY	3	n	yes		IDS	5b batch1 (Indo-Aryan)
AGR-018	crop / produce	AGR	2	n	yes		IDS	5b batch1 (Semitic)
AGR-019	wheat	AGR	2	n	yes		IDS	5b batch1 (Indo-Aryan)
AGR-020	barley	AGR	3	n	yes		IDS	5b batch1 (Semitic)
AGR-021	millet	AGR	3	n	yes		IDS	5b batch1 (Indo-Aryan)
AGR-022	potato	AGR	2	n	yes		IDS	5b batch1 (Romance)
AGR-023	tomato	AGR	2	n	yes		IDS	5b batch1 (Romance)
AGR-024	onion	AGR	2	n	yes		IDS	5b batch1 (Indo-Aryan)
AGR-025	garlic	AGR	3	n	yes		IDS	5b batch1 (Bantu)
AGR-026	ginger	AGR	3	n	yes		IDS	5b batch1 (Indo-Aryan)
AGR-027	cabbage	AGR	3	n	yes		IDS	5b batch1 (Indo-Aryan)
AGR-028	carrot	AGR	3	n	yes		IDS	5b batch1 (Indo-Aryan)
AGR-029	cucumber	AGR	3	n	yes		IDS	5b batch1 (Austronesian)
AGR-030	pumpkin / gourd	AGR	3	n	yes		IDS	5b batch1 (Bantu)
AGR-031	banana	AGR	2	n	yes		IDS	5b batch1 (Indo-Aryan)
AGR-032	mango	AGR	2	n	yes		IDS	5b batch1 (Indo-Aryan)
AGR-033	coconut	AGR	2	n	yes		IDS	5b batch1 (Indo-Aryan)
AGR-034	orange (fruit)	AGR	2	n	yes		IDS	5b batch1 (Indo-Aryan)
AGR-035	lemon	AGR	3	n	yes		IDS	5b batch1 (Indo-Aryan)
AGR-036	apple	AGR	2	n	yes		IDS	5b batch1 (Indo-Aryan)
AGR-037	grape	AGR	3	n	yes		IDS	5b batch1 (Indo-Aryan)
AGR-038	melon	AGR	3	n	yes		IDS	5b batch1 (Bantu)
AGR-039	pineapple	AGR	3	n	yes		IDS	5b batch1 (Austronesian)
AGR-040	date (fruit)	AGR	3	n	yes		IDS	5b batch1 (Semitic)
AGR-041	olive	AGR	3	n	yes		IDS	5b batch1 (Semitic)
AGR-042	sugarcane	AGR	2	n	yes		IDS	5b batch1 (Indo-Aryan)
AGR-043	cotton	AGR	2	n	yes		IDS	5b batch1 (Bantu)
AGR-044	bamboo	AGR	3	n	yes		IDS	5b batch1 (Indo-Aryan)
AGR-045	bark (of tree)	AGR	2	n	yes		IDS	5b batch1 (Indo-Aryan)
AGR-046	stem / stalk	AGR	2	n	yes		IDS	5b batch1 (Indo-Aryan)
AGR-047	thorn	AGR	3	n	yes		IDS	5b batch1 (Indo-Aryan)
AGR-048	vine / creeper	AGR	3	n	yes		IDS	5b batch1 (Indo-Aryan)
AGR-049	weed	AGR	3	n	yes		IDS	5b batch1 (Indo-Aryan)
AGR-050	field / cropland	AGR	2	n	yes		IDS	5b batch1 (Indo-Aryan)
AGR-051	plough (v)	AGR	2	v	yes		IDS	5b batch1 (Indo-Aryan)
AGR-052	fertilizer / manure	AGR	3	n	yes		IDS	5b batch1 (Bantu)
AGR-053	crop-harvest (n)	AGR	3	n	yes		IDS	5b batch1 (Indo-Aryan)
ANI-021	tiger	ANI	2	n	yes		IDS	5b batch1 (Austronesian)
ANI-022	leopard	ANI	3	n	yes		IDS	5b batch1 (Bantu)
ANI-023	bear	ANI	2	n	yes		IDS	5b batch1 (Sinitic)
ANI-024	wolf	ANI	2	n	yes		IDS	5b batch1 (Indo-Aryan)
ANI-025	fox	ANI	3	n	yes		IDS	5b batch1 (Austronesian)
ANI-026	deer	ANI	2	n	yes		IDS	5b batch1 (Bantu)
ANI-027	rabbit / hare	ANI	2	n	yes		IDS	5b batch1 (Indo-Aryan)
ANI-028	mouse / rat	ANI	2	n	yes		IDS	5b batch1 (Indo-Aryan)
ANI-029	sheep	ANI	2	n	yes		IDS	5b batch1 (Indo-Aryan)
ANI-030	donkey	ANI	2	n	yes		IDS	5b batch1 (Indo-Aryan)
ANI-031	camel	ANI	2	n	yes		IDS	5b batch1 (Indo-Aryan)
ANI-032	buffalo	ANI	3	n	yes		IDS	5b batch1 (Indo-Aryan)
ANI-033	giraffe	ANI	3	n	yes		IDS	5b batch1 (Bantu)
ANI-034	crocodile	ANI	3	n	yes		IDS	5b batch1 (Indo-Aryan)
ANI-035	lizard	ANI	2	n	yes		IDS	5b batch1 (Indo-Aryan)
ANI-036	frog / toad	ANI	2	n	yes		IDS	5b batch1 (Indo-Aryan)
ANI-037	turtle / tortoise	ANI	3	n	yes		IDS	5b batch1 (Bantu)
ANI-038	whale	ANI	3	n	yes		IDS	5b batch1 (Bantu)
ANI-039	shark	ANI	3	n	yes		IDS	5b batch1 (Bantu)
ANI-040	crab	ANI	3	n	yes		IDS	5b batch1 (Indo-Aryan)
ANI-041	duck	ANI	2	n	yes		IDS	5b batch1 (Indo-Aryan)
ANI-042	eagle / hawk	ANI	2	n	yes		IDS	5b batch1 (Semitic)
ANI-043	owl	ANI	3	n	yes		IDS	5b batch1 (Bantu)
ANI-044	crow / raven	ANI	3	n	yes		IDS	5b batch1 (Sinitic)
ANI-045	pigeon / dove	ANI	2	n	yes		IDS	5b batch1 (Indo-Aryan)
ANI-046	parrot	ANI	3	n	yes		IDS	5b batch1 (Bantu)
ANI-047	peacock	ANI	3	n	yes		IDS	5b batch1 (Indo-Aryan)
ANI-048	bee	ANI	2	n	yes		IDS	5b batch1 (Bantu)
ANI-049	ant	ANI	2	n	yes		IDS	5b batch1 (Indo-Aryan)
ANI-050	fly (insect)	ANI	2	n	yes		IDS	5b batch1 (Indo-Aryan)
ANI-051	mosquito	ANI	2	n	yes		IDS	5b batch1 (Indo-Aryan)
ANI-052	butterfly	ANI	2	n	yes		IDS	5b batch1 (Indo-Aryan)
ANI-053	spider	ANI	2	n	yes		IDS	5b batch1 (Bantu)
ANI-054	worm	ANI	2	n	yes		IDS	5b batch1 (Indo-Aryan)
ANI-055	claw / talon	ANI	3	n	yes		IDS	5b batch1 (Indo-Aryan)
ANI-056	fur / pelt	ANI	2	n	yes		IDS	5b batch1 (Bantu)
ANI-057	nest	ANI	2	n	yes		IDS	5b batch1 (Bantu)
ANI-058	herd / flock	ANI	3	n	yes		IDS	5b batch1 (Indo-Aryan)
ANI-059	cattle / livestock	ANI	2	n	yes		IDS	5b batch1 (Indo-Aryan)
ANI-060	beast / wild animal	ANI	2	n	yes		IDS	5b batch1 (Indo-Aryan)
ACT-043	close / shut	ACT	2	v	yes		IDS	5b batch1 (Bantu)
ACT-044	cover	ACT	2	v	yes		IDS	5b batch1 (Indo-Aryan)
ACT-045	fill	ACT	2	v	yes		IDS	5b batch1 (Indo-Aryan)
ACT-046	empty / pour out	ACT	2	v	yes		IDS	5b batch1 (Indo-Aryan)
ACT-047	pour	ACT	2	v	yes		IDS	5b batch1 (Bantu)
ACT-048	mix / blend	ACT	2	v	yes		IDS	5b batch1 (Indo-Aryan)
ACT-049	stir	ACT	3	v	yes		IDS	5b batch1 (Bantu)
ACT-050	squeeze / press	ACT	2	v	yes		IDS	5b batch1 (Indo-Aryan)
ACT-051	fold	ACT	3	v	yes		IDS	5b batch1 (Bantu)
ACT-052	bend	ACT	2	v	yes		IDS	5b batch1 (Indo-Aryan)
ACT-053	stretch	ACT	3	v	yes		IDS	5b batch1 (Indo-Aryan)
ACT-054	twist	ACT	3	v	yes		IDS	5b batch1 (Indo-Aryan)
ACT-055	shake (object)	ACT	3	v	yes		IDS	5b batch1 (Indo-Aryan)
ACT-056	drop / let fall	ACT	2	v	yes		IDS	5b batch1 (Indo-Aryan)
ACT-057	lift / raise	ACT	2	v	yes		IDS	5b batch1 (Indo-Aryan)
ACT-058	drag-pull (heavy)	ACT	3	v	yes		IDS	5b batch1 (Indo-Aryan)
ACT-059	catch / seize	ACT	2	v	yes		IDS	5b batch1 (Indo-Aryan)
ACT-060	release / let go	ACT	2	v	yes		IDS	5b batch1 (Indo-Aryan)
ACT-061	tear / rip	ACT	2	v	yes		IDS	5b batch1 (Indo-Aryan)
ACT-062	scratch	ACT	3	v	yes		IDS	5b batch1 (Indo-Aryan)
ACT-063	stab / pierce	ACT	3	v	yes		IDS	5b batch1 (Indo-Aryan)
ACT-064	bite	ACT	2	v	yes		IDS	5b batch1 (Bantu)
ACT-065	lick	ACT	3	v	yes		IDS	5b batch1 (Indo-Aryan)
ACT-066	blow	ACT	2	v	yes		IDS	5b batch1 (Bantu)
ACT-067	suck	ACT	3	v	yes		IDS	5b batch1 (Indo-Aryan)
ACT-068	kick	ACT	2	v	yes		IDS	5b batch1 (Bantu)
ACT-069	sweep	ACT	3	v	yes		IDS	5b batch1 (Bantu)
ACT-070	wipe / clean off	ACT	3	v	yes		IDS	5b batch1 (Indo-Aryan)
ACT-071	build / construct	ACT	2	v	yes		IDS	5b batch1 (Bantu)
ACT-072	destroy / wreck	ACT	2	v	yes		IDS	5b batch1 (Indo-Aryan)
ACT-073	repair / mend	ACT	2	v	yes		IDS	5b batch1 (Indo-Aryan)
ACT-074	measure-out / weigh	ACT	3	v	yes		IDS	5b batch1 (Indo-Aryan)
ACT-075	count-out / tally	ACT	3	v	yes		IDS	5b batch1 (Indo-Aryan)
ACT-076	hide / conceal	ACT	2	v	yes		IDS	5b batch1 (Indo-Aryan)
ACT-077	search / seek	ACT	2	v	yes		IDS	5b batch1 (Bantu)
ACT-078	find / discover	ACT	2	v	yes		IDS	5b batch1 (Bantu)
ACT-079	choose-pick	ACT	2	v	yes		IDS	5b batch1 (Bantu)
ACT-080	collect / gather up	ACT	2	v	yes		IDS	5b batch1 (Bantu)
ACT-081	share / distribute	ACT	2	v	yes		IDS	5b batch1 (Indo-Aryan)
ACT-082	prepare / get ready	ACT	2	v	yes		IDS	5b batch1 (Bantu)
ACT-083	arrange / order	ACT	3	v	yes		IDS	5b batch1 (Bantu)
ACT-084	change / alter	ACT	2	v	yes		IDS	5b batch1 (Bantu)
ACT-085	add-to / increase	ACT	2	v	yes		IDS	5b batch1 (Bantu)
ACT-086	reduce / lessen	ACT	2	v	yes		IDS	5b batch1 (Bantu)
ACT-087	continue / keep on	ACT	2	v	yes		IDS	5b batch1 (Bantu)
ACT-088	repeat / do again	ACT	2	v	yes		IDS	5b batch1 (Bantu)
ACT-089	wait	ACT	2	v	yes		IDS	5b batch1 (Bantu)
ACT-090	rest	ACT	2	v	yes		IDS	5b batch1 (Bantu)
SOC-029	work-job / occupation	SOC	2	n	yes		IDS	5b batch1 (Bantu)
SOC-030	worker / labourer	SOC	2	n	yes		IDS	5b batch1 (Bantu)
SOC-031	master / boss	SOC	2	n	yes		IDS	5b batch1 (Bantu)
SOC-032	servant	SOC	3	n	yes		IDS	5b batch1 (Indo-Aryan)
SOC-033	slave	SOC	3	n	yes		IDS	5b batch1 (Semitic)
SOC-034	wealth / riches	SOC	2	n	yes		IDS	5b batch1 (Semitic)
SOC-035	poverty	SOC	2	n	yes		IDS	5b batch1 (Bantu)
SOC-036	rich / wealthy	SOC	2	mod	yes		IDS	5b batch1 (Semitic)
SOC-037	poor / needy	SOC	2	mod	yes		IDS	5b batch1 (Semitic)
SOC-038	market / bazaar	SOC	2	n	yes		IDS	5b batch1 (Bantu)
SOC-039	goods / wares	SOC	3	n	yes		IDS	5b batch1 (Bantu)
SOC-040	custom / tradition	SOC	2	n	yes		IDS	5b batch1 (Bantu)
SOC-041	festival / holiday	SOC	2	n	yes		IDS	5b batch1 (Indo-Aryan)
SOC-042	meeting / assembly	SOC	2	n	yes		IDS	5b batch1 (Bantu)
SOC-043	council / committee	SOC	3	n	yes		IDS	5b batch1 (Bantu)
SOC-044	nation / people	SOC	2	n	yes		IDS	5b batch1 (Semitic)
SOC-045	citizen-subject	SOC	3	n	yes		IDS	5b batch1 (Semitic)
SOC-046	border-of-state	SOC	3	n	yes		IDS	5b batch1 (Bantu)
SOC-047	king-rule / kingdom	SOC	3	n	yes		IDS	5b batch1 (Bantu)
SOC-048	chief / headman	SOC	2	n	yes		IDS	5b batch1 (Bantu)
SOC-049	judge (person)	SOC	2	n	yes		IDS	5b batch1 (Semitic)
SOC-050	court (law)	SOC	3	n	yes		IDS	5b batch1 (Semitic)
SOC-051	punishment / penalty	SOC	2	n	yes		IDS	5b batch1 (Semitic)
SOC-052	prison / jail	SOC	2	n	yes		IDS	5b batch1 (Bantu)
SOC-053	duty / obligation	SOC	2	n	yes		IDS	5b batch1 (Semitic)
SOC-054	help-aid / service	SOC	3	n	yes		IDS	5b batch1 (Bantu)
SOC-055	gift / present	SOC	2	n	yes		IDS	5b batch1 (Bantu)
SOC-056	message / news-item	SOC	2	n	yes		IDS	5b batch1 (Bantu)
SOC-057	secret-society / faith group	SOC	3	n	yes		IDS	5b batch1 (Bantu)
SOC-058	class / rank	SOC	3	n	yes		IDS	5b batch1 (Semitic)
DWE-028	kitchen	DWE	2	n	yes		IDS	5b batch1 (Bantu)
DWE-029	toilet / bathroom	DWE	2	n	yes		IDS	5b batch1 (Bantu)
DWE-030	ceiling	DWE	3	n	yes		IDS	5b batch1 (Indo-Aryan)
DWE-031	fence / hedge	DWE	3	n	yes		IDS	5b batch1 (Bantu)
DWE-032	gate	DWE	2	n	yes		IDS	5b batch1 (Bantu)
DWE-033	shelf	DWE	3	n	yes		IDS	5b batch1 (Bantu)
DWE-034	drawer	DWE	3	n	yes		IDS	5b batch1 (Bantu)
DWE-035	cupboard / cabinet	DWE	3	n	yes		IDS	5b batch1 (Bantu)
DWE-036	bucket	DWE	2	n	yes		IDS	5b batch1 (Indo-Aryan)
DWE-037	broom	DWE	3	n	yes		IDS	5b batch1 (Bantu)
DWE-038	blanket	DWE	2	n	yes		IDS	5b batch1 (Romance)
DWE-039	towel	DWE	3	n	yes		IDS	5b batch1 (Romance)
DWE-040	fork (utensil)	DWE	2	n	yes		IDS	5b batch1 (Bantu)
DWE-041	pot / pan	DWE	2	n	yes		IDS	5b batch1 (Bantu)
DWE-042	kettle	DWE	3	n	yes		IDS	5b batch1 (Bantu)
DWE-043	jar / pot	DWE	3	n	yes		IDS	5b batch1 (Indo-Aryan)
DWE-044	nail (metal)	DWE	3	n	yes		IDS	5b batch1 (Bantu)
DWE-045	hammer	DWE	3	n	yes		IDS	5b batch1 (Bantu)
DWE-046	saw (tool)	DWE	3	n	yes		IDS	5b batch1 (Bantu)
DWE-047	needle-tool / pin	DWE	3	n	yes		IDS	5b batch1 (Romance)
FOO-030	meat-dish / curry	FOO	3	n	yes		IDS	5b batch1 (Bantu)
FOO-031	porridge / gruel	FOO	3	n	yes		IDS	5b batch1 (Bantu)
FOO-032	flour-dough	FOO	3	n	yes		IDS	5b batch1 (Bantu)
FOO-033	fruit-juice / drink	FOO	2	n	yes		IDS	5b batch1 (Romance)
FOO-034	spice / seasoning	FOO	2	n	yes		IDS	5b batch1 (Indo-Aryan)
FOO-035	vinegar	FOO	3	n	yes		IDS	5b batch1 (Indo-Aryan)
FOO-036	butter	FOO	3	n	yes		IDS	5b batch1 (Indo-Aryan)
FOO-037	egg-dish / omelette	FOO	3	n	yes		IDS	5b batch1 (Bantu)
FOO-038	feast / banquet	FOO	3	n	yes		IDS	5b batch1 (Bantu)
FOO-039	hunger / famine	FOO	2	n	yes		IDS	5b batch1 (Bantu)
CLO-016	dress / gown	CLO	2	n	yes		IDS	5b batch1 (Romance)
CLO-017	skirt	CLO	3	n	yes		IDS	5b batch1 (Romance)
CLO-018	belt	CLO	3	n	yes		IDS	5b batch1 (Bantu)
CLO-019	glove	CLO	3	n	yes		IDS	5b batch1 (Romance)
CLO-020	sock / stocking	CLO	3	n	yes		IDS	5b batch1 (Romance)
CLO-021	scarf / veil	CLO	3	n	yes		IDS	5b batch1 (Bantu)
CLO-022	collar	CLO	3	n	yes		IDS	5b batch1 (Bantu)
CLO-023	sleeve	CLO	3	n	yes		IDS	5b batch1 (Bantu)
CLO-024	cloth-wrap / robe	CLO	2	n	yes		IDS	5b batch1 (Bantu)
CLO-025	jewellery / ornament	CLO	3	n	yes		IDS	5b batch1 (Indo-Aryan)
EMO-024	grief / sorrow	EMO	2	n	yes		IDS	5b batch1 (Romance)
EMO-025	pity / compassion	EMO	2	n	yes		IDS	5b batch1 (Romance)
EMO-026	relief	EMO	2	n	yes		IDS	5b batch1 (Romance)
EMO-027	disgust	EMO	2	n	yes		IDS	5b batch1 (Japonic)
EMO-028	trust	EMO	2	n	yes		IDS	5b batch1 (Semitic)
EMO-029	comfort / solace	EMO	2	n	yes		IDS	5b batch1 (Romance)
EMO-030	longing / yearning	EMO	2	n	yes		IDS	5b batch1 (Romance)
EMO-031	gratitude	EMO	2	n	yes		IDS	5b batch1 (Romance)
EMO-032	regret / remorse	EMO	2	n	yes		IDS	5b batch1 (Semitic)
EMO-033	courage	EMO	2	n	yes		IDS	5b batch1 (Semitic)
EMO-034	despair	EMO	2	n	yes		IDS	5b batch1 (Semitic)
EMO-035	joy / delight	EMO	2	n	yes		IDS	5b batch1 (Romance)
EMO-036	anger / wrath	EMO	2	n	yes		IDS	5b batch1 (Semitic)
EMO-037	calmness / serenity	EMO	2	n	yes		IDS	5b batch1 (Semitic)
EMO-038	loneliness	EMO	3	n	yes		IDS	5b batch1 (Romance)
EMO-039	boredom	EMO	3	n	yes		IDS	5b batch1 (Romance)
EMO-040	excitement	EMO	2	n	yes		IDS	5b batch1 (Romance)
EMO-041	contentment	EMO	2	n	yes		IDS	5b batch1 (Japonic)
EMO-042	affection / fondness	EMO	2	n	yes		IDS	5b batch1 (Japonic)
EMO-043	desire / craving	EMO	2	n	yes		IDS	5b batch1 (Romance)
EMO-044	disappointment	EMO	3	n	yes		IDS	5b batch1 (Romance)
EMO-045	frustration	EMO	3	n	yes		IDS	5b batch1 (Semitic)
EMO-046	sympathy	EMO	2	n	yes		IDS	5b batch1 (Japonic)
EMO-047	amazement / awe	EMO	3	n	yes		IDS	5b batch1 (Semitic)
EMO-048	confidence / self-assurance	EMO	2	n	yes		IDS	5b batch1 (Romance)
EMO-049	resentment / grudge	EMO	3	n	yes		IDS	5b batch1 (Japonic)
EMO-050	tenderness	EMO	3	n	yes		IDS	5b batch1 (Romance)
EMO-051	enthusiasm / zeal	EMO	3	n	yes		IDS	5b batch1 (Semitic)
EMO-052	comfort / console	EMO	2	v	yes		IDS	5b batch1 (Romance)
EMO-053	enjoy	EMO	2	v	yes		IDS	5b batch1 (Romance)
EMO-054	suffer	EMO	2	v	yes		IDS	5b batch1 (Romance)
EMO-055	cheerful	EMO	2	mod	yes		IDS	5b batch1 (Romance)
EMO-056	gloomy / glum	EMO	3	mod	yes		IDS	5b batch1 (Romance)
EMO-057	anxious / nervous	EMO	2	mod	yes		IDS	5b batch1 (Romance)
EMO-058	eager / keen	EMO	3	mod	yes		IDS	5b batch1 (Semitic)
COG-056	reason / intellect	COG	2	n	yes		IDS	5b batch1 (Semitic)
COG-057	intelligence	COG	2	n	yes		IDS	5b batch1 (Romance)
COG-058	judgment	COG	2	n	yes		IDS	5b batch1 (Sinitic)
COG-059	intuition / hunch	COG	3	n	yes		IDS	5b batch1 (Japonic)
COG-060	assumption	COG	3	n	yes		IDS	5b batch1 (Romance)
COG-061	conclusion	COG	3	n	yes		IDS	5b batch1 (Romance)
COG-062	belief / conviction	COG	2	n	yes		IDS	5b batch1 (Romance)
COG-063	conscience	COG	3	n	yes		IDS	5b batch1 (Semitic)
COG-064	imagination	COG	2	n	yes		IDS	5b batch1 (Romance)
COG-065	understand-grasp	COG	2	v	yes		IDS	5b batch1 (Romance)
COG-066	comprehend / fathom	COG	3	v	yes		IDS	5b batch1 (Japonic)
COG-067	ponder / reflect	COG	2	v	yes		IDS	5b batch1 (Japonic)
COG-068	recall / recollect	COG	2	v	yes		IDS	5b batch1 (Japonic)
COG-069	perceive / discern	COG	2	v	yes		IDS	5b batch1 (Romance)
COG-070	recognize	COG	2	v	yes		IDS	5b batch1 (Romance)
COG-071	suspect	COG	3	v	yes		IDS	5b batch1 (Romance)
COG-072	analyze / break-down	COG	2	v	yes		IDS	5b batch1 (Japonic)
COG-073	distinguish / tell apart	COG	3	v	yes		IDS	5b batch1 (Japonic)
COG-074	aware / conscious	COG	2	mod	yes		IDS	5b batch1 (Romance)
COG-075	rational / logical	COG	3	mod	yes		IDS	5b batch1 (Romance)
SPE-024	greeting	SPE	2	n	yes		IDS	5b batch1 (Romance)
SPE-025	conversation / talk	SPE	2	n	yes		IDS	5b batch1 (Sinitic)
SPE-026	argument / quarrel	SPE	2	n	yes		IDS	5b batch1 (Romance)
SPE-027	announcement	SPE	3	n	yes		IDS	5b batch1 (Romance)
SPE-028	declaration	SPE	3	n	yes		IDS	5b batch1 (Japonic)
SPE-029	report / account	SPE	2	n	yes		IDS	5b batch1 (Austronesian)
SPE-030	explanation	SPE	2	n	yes		IDS	5b batch1 (Japonic)
SPE-031	reply / response	SPE	2	n	yes		IDS	5b batch1 (Japonic)
SPE-032	rumor / gossip	SPE	3	n	yes		IDS	5b batch1 (Japonic)
SPE-033	dialect / accent	SPE	3	n	yes		IDS	5b batch1 (Sinitic)
SPE-034	translation	SPE	3	n	yes		IDS	5b batch1 (Japonic)
SPE-035	summary	SPE	3	n	yes		IDS	5b batch1 (Japonic)
SPE-036	greet	SPE	2	v	yes		IDS	5b batch1 (Romance)
SPE-037	invite	SPE	2	v	yes		IDS	5b batch1 (Romance)
SPE-038	thank-someone	SPE	2	v	yes		IDS	5b batch1 (Romance)
SPE-039	apologize	SPE	2	v	yes		IDS	5b batch1 (Japonic)
SPE-040	praise / commend	SPE	2	v	yes		IDS	5b batch1 (Romance)
SPE-041	blame / accuse	SPE	2	v	yes		IDS	5b batch1 (Romance)
SPE-042	forgive / pardon	SPE	2	v	yes		IDS	5b batch1 (Japonic)
SPE-043	advise	SPE	2	v	yes		IDS	5b batch1 (Romance)
SPE-044	warn	SPE	2	v	yes		IDS	5b batch1 (Japonic)
SPE-045	complain	SPE	2	v	yes		IDS	5b batch1 (Japonic)
SPE-046	joke	SPE	2	v	yes		IDS	5b batch1 (Japonic)
SPE-047	discuss	SPE	2	v	yes		IDS	5b batch1 (Sinitic)
SPE-048	describe	SPE	2	v	yes		IDS	5b batch1 (Romance)
SPE-049	whisper	SPE	3	v	yes		IDS	5b batch1 (Japonic)
SPE-050	spell / spell out	SPE	3	v	yes		IDS	5b batch1 (Romance)
SPE-051	insult / offend	SPE	3	v	yes		IDS	5b batch1 (Romance)
SPE-052	boast / brag	SPE	3	v	yes		IDS	5b batch1 (Japonic)
SPE-053	negotiate	SPE	3	v	yes		IDS	5b batch1 (Japonic)
SPE-054	fluent / eloquent	SPE	3	mod	yes		IDS	5b batch1 (Semitic)
SPE-055	polite / courteous	SPE	2	mod	yes		IDS	5b batch1 (Romance)
POS-007	ownership / property	POS	2	n	yes		IDS	5b batch1 (Romance)
POS-008	debt	POS	2	n	yes		IDS	5b batch1 (Romance)
POS-009	profit / gain	POS	2	n	yes		IDS	5b batch1 (Semitic)
POS-010	loss	POS	2	n	yes		IDS	5b batch1 (Romance)
POS-011	budget	POS	3	n	yes		IDS	5b batch1 (Japonic)
POS-012	value / worth	POS	2	n	yes		IDS	5b batch1 (Romance)
POS-013	exchange / swap	POS	2	n	yes		IDS	5b batch1 (Japonic)
POS-014	rent / lease	POS	3	n	yes		IDS	5b batch1 (Japonic)
POS-015	fee / charge	POS	3	n	yes		IDS	5b batch1 (Romance)
POS-016	fortune / asset	POS	3	n	yes		IDS	5b batch1 (Japonic)
POS-017	coin	POS	3	n	yes		IDS	5b batch1 (Romance)
POS-018	wage / salary	POS	2	n	yes		IDS	5b batch1 (Japonic)
POS-019	own / possess	POS	2	v	yes		IDS	5b batch1 (Romance)
POS-020	lend	POS	2	v	yes		IDS	5b batch1 (Japonic)
POS-021	borrow	POS	2	v	yes		IDS	5b batch1 (Romance)
POS-022	owe	POS	2	v	yes		IDS	5b batch1 (Romance)
POS-023	spend	POS	2	v	yes		IDS	5b batch1 (Romance)
POS-024	waste / squander	POS	2	v	yes		IDS	5b batch1 (Romance)
POS-025	earn	POS	2	v	yes		IDS	5b batch1 (Japonic)
POS-026	cost / be priced	POS	2	v	yes		IDS	5b batch1 (Romance)
POS-027	invest	POS	3	v	yes		IDS	5b batch1 (Japonic)
POS-028	cheap / inexpensive	POS	2	mod	yes		IDS	5b batch1 (Romance)
POS-029	expensive / costly	POS	2	mod	yes		IDS	5b batch1 (Japonic)
POS-030	free / no-cost	POS	2	mod	yes		IDS	5b batch1 (Japonic)
POS-031	valuable / worthy	POS	2	mod	yes		IDS	5b batch1 (Romance)
KIN-028	stranger	KIN	2	n	yes		IDS	5b batch1 (Romance)
KIN-029	partner / companion	KIN	2	n	yes		IDS	5b batch1 (Romance)
KIN-030	colleague / coworker	KIN	2	n	yes		IDS	5b batch1 (Japonic)
KIN-031	rival / competitor	KIN	2	n	yes		IDS	5b batch1 (Japonic)
KIN-032	follower / disciple	KIN	2	n	yes		IDS	5b batch1 (Austronesian)
KIN-033	expert / specialist	KIN	2	n	yes		IDS	5b batch1 (Japonic)
KIN-034	beginner / novice	KIN	2	n	yes		IDS	5b batch1 (Japonic)
KIN-035	witness	KIN	2	n	yes		IDS	5b batch1 (Semitic)
KIN-036	owner / proprietor	KIN	2	n	yes		IDS	5b batch1 (Romance)
KIN-037	employee / staff	KIN	2	n	yes		IDS	5b batch1 (Japonic)
KIN-038	crowd / throng	KIN	2	n	yes		IDS	5b batch1 (Sinitic)
KIN-039	individual	KIN	2	n	yes		IDS	5b batch1 (Japonic)
KIN-040	generation	KIN	2	n	yes		IDS	5b batch1 (Japonic)
KIN-041	youth / young person	KIN	2	n	yes		IDS	5b batch1 (Semitic)
KIN-042	elder / senior	KIN	2	n	yes		IDS	5b batch1 (Sinitic)
KIN-043	hero	KIN	2	n	yes		IDS	5b batch1 (Japonic)
KIN-044	fool / idiot	KIN	2	n	yes		IDS	5b batch1 (Japonic)
KIN-045	liar	KIN	2	n	yes		IDS	5b batch1 (Romance)
KIN-046	ally	KIN	3	n	yes		IDS	5b batch1 (Japonic)
KIN-047	opponent / adversary	KIN	3	n	yes		IDS	5b batch1 (Japonic)
KIN-048	apprentice / trainee	KIN	3	n	yes		IDS	5b batch1 (Japonic)
KIN-049	customer / client	KIN	2	n	yes		IDS	5b batch1 (Japonic)
KIN-050	twin	KIN	3	n	yes		IDS	5b batch1 (Japonic)
KIN-051	orphan	KIN	3	n	yes		IDS	5b batch1 (Semitic)
KIN-052	widow	KIN	3	n	yes		IDS	5b batch1 (Romance)
SOC-059	honour / dignity	SOC	2	n	yes		IDS	5b batch1 (Romance)
SOC-060	respect / esteem	SOC	2	n	yes		IDS	5b batch1 (Semitic)
SOC-061	fame / renown	SOC	2	n	yes		IDS	5b batch1 (Japonic)
SOC-062	reputation	SOC	2	n	yes		IDS	5b batch1 (Japonic)
SOC-063	status / standing	SOC	2	n	yes		IDS	5b batch1 (Sinitic)
SOC-064	role / function	SOC	2	n	yes		IDS	5b batch1 (Japonic)
SOC-065	mercy / clemency	SOC	2	n	yes		IDS	5b batch1 (Semitic)
SOC-066	justice	SOC	2	n	yes		IDS	5b batch1 (Romance)
SOC-067	loyalty / fidelity	SOC	2	n	yes		IDS	5b batch1 (Sinitic)
SOC-068	cooperation	SOC	2	n	yes		IDS	5b batch1 (Japonic)
SOC-069	conflict / strife	SOC	2	n	yes		IDS	5b batch1 (Japonic)
SOC-070	agreement / accord	SOC	2	n	yes		IDS	5b batch1 (Japonic)
SOC-071	norm / rule-social	SOC	2	n	yes		IDS	5b batch1 (Japonic)
SOC-072	habit / routine	SOC	2	n	yes		IDS	5b batch1 (Japonic)
SOC-073	manner / conduct	SOC	2	n	yes		IDS	5b batch1 (Japonic)
SOC-074	ceremony	SOC	2	n	yes		IDS	5b batch1 (Japonic)
SOC-075	ritual / rite	SOC	3	n	yes		IDS	5b batch1 (Romance)
SOC-076	privilege	SOC	3	n	yes		IDS	5b batch1 (Japonic)
SOC-077	equality	SOC	3	n	yes		IDS	5b batch1 (Japonic)
SOC-078	cruelty	SOC	3	n	yes		IDS	5b batch1 (Sinitic)
SOC-079	kindness / benevolence	SOC	2	n	yes		IDS	5b batch1 (Japonic)
SOC-080	generosity	SOC	3	n	yes		IDS	5b batch1 (Semitic)
SOC-081	prejudice / bias	SOC	3	n	yes		IDS	5b batch1 (Japonic)
SOC-082	reward / recompense	SOC	2	n	yes		IDS	5b batch1 (Japonic)
SOC-083	cooperate	SOC	2	v	yes		IDS	5b batch1 (Japonic)
SOC-084	compete / contend	SOC	2	v	yes		IDS	5b batch1 (Japonic)
SOC-085	obey / comply	SOC	2	v	yes		IDS	5b batch1 (Japonic)
SOC-086	rebel / resist	SOC	3	v	yes		IDS	5b batch1 (Japonic)
SOC-087	celebrate	SOC	2	v	yes		IDS	5b batch1 (Japonic)
SOC-088	participate / take part	SOC	2	v	yes		IDS	5b batch1 (Japonic)
MOD-077	screen	MOD	2	n	yes		IDS	5b batch1 (Romance)
MOD-078	control button	MOD	2	n	yes		IDS	5b batch1 (Romance)
MOD-079	network	MOD	2	n	yes		IDS	5b batch1 (Austronesian)
MOD-080	signal	MOD	2	n	yes		IDS	5b batch1 (Romance)
MOD-081	data	MOD	2	n	yes		IDS	5b batch1 (Romance)
MOD-082	file (digital)	MOD	2	n	yes		IDS	5b batch1 (international)
MOD-083	digital message	MOD	2	n	yes		IDS	5b batch1 (Romance)
MOD-084	password	MOD	2	n	yes		IDS	5b batch1 (Japonic)
MOD-085	battery	MOD	2	n	yes		IDS	5b batch1 (Japonic)
MOD-086	switch (device)	MOD	2	n	yes		IDS	5b batch1 (Japonic)
MOD-087	wire	MOD	2	n	yes		IDS	5b batch1 (Austronesian)
MOD-088	lens	MOD	2	n	yes		IDS	5b batch1 (Romance)
MOD-089	photo	MOD	2	n	yes		IDS	5b batch1 (international)
MOD-090	video	MOD	2	n	yes		IDS	5b batch1 (international)
MOD-091	record (v)	MOD	2	v	yes		IDS	5b batch1 (international)
MOD-092	broadcast	MOD	2	v	yes		IDS	5b batch1 (Japonic)
MOD-093	channel	MOD	2	n	yes		IDS	5b batch1 (Romance)
MOD-094	program (software)	MOD	2	n	yes		IDS	5b batch1 (international)
MOD-095	robot	MOD	2	n	yes		IDS	5b batch1 (international)
MOD-096	satellite	MOD	3	n	yes		IDS	5b batch1 (Romance)
MOD-097	app (application)	MOD	2	n	yes		IDS	5b batch1 (international)
MOD-098	keyboard	MOD	2	n	yes		IDS	5b batch1 (international)
MOD-099	speaker (audio)	MOD	2	n	yes		IDS	5b batch1 (Romance)
MOD-100	cable (data)	MOD	2	n	yes		IDS	5b batch1 (Romance)
MOD-101	update (v)	MOD	2	v	yes		IDS	5b batch1 (Romance)
MOD-102	download	MOD	2	v	yes		IDS	5b batch1 (international)
MOD-103	account (online)	MOD	2	n	yes		IDS	5b batch1 (Romance)
MOD-104	website	MOD	2	n	yes		IDS	5b batch1 (Romance)
MOD-105	microphone	MOD	3	n	yes		IDS	5b batch1 (Japonic)
MOD-106	antenna	MOD	3	n	yes		IDS	5b batch1 (Romance)
MOD-107	pharmacy	MOD	3	n	yes		IDS	5b batch1 (Romance)
MOD-108	library	MOD	2	n	yes		IDS	5b batch1 (Japonic)
MOD-109	museum	MOD	2	n	yes		IDS	5b batch1 (Romance)
MOD-110	theatre	MOD	2	n	yes		IDS	5b batch1 (Romance)
MOD-111	stadium	MOD	2	n	yes		IDS	5b batch1 (international)
MOD-112	warehouse	MOD	2	n	yes		IDS	5b batch1 (Austronesian)
MOD-113	bakery	MOD	2	n	yes		IDS	5b batch1 (Romance)
MOD-114	restaurant	MOD	2	n	yes		IDS	5b batch1 (Romance)
MOD-115	cafe	MOD	2	n	yes		IDS	5b batch1 (Romance)
MOD-116	post office	MOD	2	n	yes		IDS	5b batch1 (Japonic)
MOD-117	embassy	MOD	3	n	yes		IDS	5b batch1 (Japonic)
MOD-118	courtroom	MOD	3	n	yes		IDS	5b batch1 (Japonic)
MOD-119	temple	MOD	2	n	yes		IDS	5b batch1 (Japonic)
MOD-120	church	MOD	2	n	yes		IDS	5b batch1 (Romance)
MOD-121	mosque	MOD	2	n	yes		IDS	5b batch1 (Semitic)
MOD-122	cemetery	MOD	2	n	yes		IDS	5b batch1 (Semitic)
MOD-123	park (public)	MOD	2	n	yes		IDS	5b batch1 (Japonic)
MOD-124	plaza / square	MOD	2	n	yes		IDS	5b batch1 (Romance)
MOD-125	stamp (postage)	MOD	2	n	yes		IDS	5b batch1 (Japonic)
MOD-126	passport	MOD	2	n	yes		IDS	5b batch1 (Romance)
MOD-127	license / permit	MOD	2	n	yes		IDS	5b batch1 (international)
MOD-128	election / vote	MOD	2	n	yes		IDS	5b batch1 (Japonic)
MOD-129	union (labor)	MOD	3	n	yes		IDS	5b batch1 (Japonic)
MOD-130	insurance	MOD	3	n	yes		IDS	5b batch1 (Japonic)
MOD-131	university	MOD	2	n	yes		IDS	5b batch1 (Japonic)
FOO-040	fry	FOO	2	v	yes		IDS	5b batch1 (Austronesian)
FOO-041	bake	FOO	2	v	yes		IDS	5b batch1 (Romance)
FOO-042	roast	FOO	2	v	yes		IDS	5b batch1 (Romance)
FOO-043	grill	FOO	2	v	yes		IDS	5b batch1 (Japonic)
FOO-044	peel (v)	FOO	2	v	yes		IDS	5b batch1 (Japonic)
FOO-045	slice (v)	FOO	2	v	yes		IDS	5b batch1 (Romance)
FOO-046	grind	FOO	2	v	yes		IDS	5b batch1 (Romance)
FOO-047	knead	FOO	2	v	yes		IDS	5b batch1 (Romance)
FOO-048	ferment	FOO	3	v	yes		IDS	5b batch1 (Austronesian)
FOO-049	recipe	FOO	2	n	yes		IDS	5b batch1 (Romance)
FOO-050	ingredient	FOO	2	n	yes		IDS	5b batch1 (Japonic)
FOO-051	dough	FOO	2	n	yes		IDS	5b batch1 (Romance)
FOO-052	sauce	FOO	2	n	yes		IDS	5b batch1 (Japonic)
FOO-053	broth / stock	FOO	2	n	yes		IDS	5b batch1 (Romance)
FOO-054	snack	FOO	2	n	yes		IDS	5b batch1 (Japonic)
FOO-055	dessert	FOO	2	n	yes		IDS	5b batch1 (Romance)
FOO-056	ripe	FOO	2	mod	yes		IDS	5b batch1 (Austronesian)
FOO-057	raw	FOO	2	mod	yes		IDS	5b batch1 (Japonic)
FOO-058	stale	FOO	3	mod	yes		IDS	5b batch1 (Austronesian)
FOO-059	rotten	FOO	2	mod	yes		IDS	5b batch1 (Austronesian)
FOO-060	stew (dish)	FOO	2	n	yes		IDS	5b batch1 (Romance)
FOO-061	salad	FOO	2	n	yes		IDS	5b batch1 (Romance)
FOO-062	noodle	FOO	2	n	yes		IDS	5b batch1 (Sinitic)
FOO-063	dumpling	FOO	3	n	yes		IDS	5b batch1 (Japonic)
FOO-064	pastry / cake	FOO	2	n	yes		IDS	5b batch1 (Romance)
FOO-065	jam (preserve)	FOO	3	n	yes		MOD	5b batch1 (international)
FOO-066	syrup	FOO	3	n	yes		IDS	5b batch1 (Semitic)
FOO-067	yogurt	FOO	2	n	yes		IDS	5b batch1 (Semitic)
FOO-068	tofu	FOO	2	n	yes		IDS	5b batch1 (Sinitic)
FOO-069	sausage	FOO	3	n	yes		IDS	5b batch1 (Romance)
FOO-070	seafood	FOO	2	n	yes		IDS	5b batch1 (Romance)
FOO-071	spicy / hot (taste)	FOO	2	mod	yes		IDS	5b batch1 (Austronesian)
FOO-072	crunchy	FOO	3	mod	yes		IDS	5b batch1 (Austronesian)
FOO-073	fatty / greasy	FOO	3	mod	yes		IDS	5b batch1 (Romance)
ACT-091	serve (food)	ACT	2	v	yes		IDS	5b batch1 (Romance)
ACT-092	taste-test	ACT	2	v	yes		IDS	5b batch1 (Japonic)
ACT-093	store / stow	ACT	2	v	yes		IDS	5b batch1 (Austronesian)
ACT-094	pack	ACT	2	v	yes		IDS	5b batch1 (Austronesian)
ACT-095	tidy up	ACT	2	v	yes		IDS	5b batch1 (Japonic)
ACT-096	decorate	ACT	2	v	yes		IDS	5b batch1 (Romance)
ACT-097	polish	ACT	2	v	yes		IDS	5b batch1 (Japonic)
ACT-098	sharpen	ACT	2	v	yes		IDS	5b batch1 (Japonic)
ACT-099	lock (v)	ACT	2	v	yes		IDS	5b batch1 (Romance)
ACT-100	unlock	ACT	2	v	yes		IDS	5b batch1 (Japonic)
ACT-101	knock	ACT	2	v	yes		IDS	5b batch1 (Japonic)
ACT-102	ring a bell	ACT	2	v	yes		IDS	5b batch1 (Japonic)
ACT-103	switch on	ACT	2	v	yes		IDS	5b batch1 (Japonic)
ACT-104	switch off	ACT	2	v	yes		IDS	5b batch1 (Japonic)
ACT-105	plug in	ACT	2	v	yes		IDS	5b batch1 (Japonic)
ACT-106	charge (battery)	ACT	2	v	yes		IDS	5b batch1 (Japonic)
ACT-107	print	ACT	2	v	yes		IDS	5b batch1 (Austronesian)
ACT-108	scan	ACT	2	v	yes		IDS	5b batch1 (international)
ACT-109	type (v)	ACT	2	v	yes		IDS	5b batch1 (Romance)
ACT-110	click	ACT	2	v	yes		IDS	5b batch1 (international)
ACT-111	mince / chop fine	ACT	3	v	yes		IDS	5b batch1 (Japonic)
ACT-112	assemble / put together	ACT	2	v	yes		IDS	5b batch1 (Japonic)
ACT-113	install	ACT	2	v	yes		IDS	5b batch1 (international)
ACT-114	wrap	ACT	2	v	yes		IDS	5b batch1 (Japonic)
ACT-115	fasten / buckle	ACT	3	v	yes		IDS	5b batch1 (Romance)
ACT-116	hang up (object)	ACT	2	v	yes		IDS	5b batch1 (Japonic)
ACT-117	pile / stack	ACT	2	v	yes		IDS	5b batch1 (Japonic)
ACT-118	sort / classify	ACT	2	v	yes		IDS	5b batch1 (Japonic)
ACT-119	label / tag	ACT	3	v	yes		IDS	5b batch1 (Romance)
ACT-120	weld / solder	ACT	3	v	yes		IDS	5b batch1 (Japonic)
ACT-121	drill (v)	ACT	3	v	yes		IDS	5b batch1 (Romance)
ACT-122	paint (v)	ACT	2	v	yes		IDS	5b batch1 (Japonic)
ACT-123	rinse	ACT	3	v	yes		IDS	5b batch1 (Japonic)
ACT-124	soak	ACT	2	v	yes		IDS	5b batch1 (Austronesian)
ACT-125	dry (cause to)	ACT	2	v	yes		IDS	5b batch1 (Japonic)
ACT-126	light (a fire)	ACT	2	v	yes		IDS	5b batch1 (Japonic)
DWE-048	apartment	DWE	2	n	yes		IDS	5b batch1 (Japonic)
DWE-049	cottage	DWE	3	n	yes		IDS	5b batch1 (Romance)
DWE-050	tower	DWE	2	n	yes		IDS	5b batch1 (Romance)
DWE-051	hut	DWE	2	n	yes		IDS	5b batch1 (Austronesian)
DWE-052	tent	DWE	2	n	yes		IDS	5b batch1 (Romance)
DWE-053	palace	DWE	2	n	yes		IDS	5b batch1 (Romance)
DWE-054	barn	DWE	3	n	yes		IDS	5b batch1 (Austronesian)
DWE-055	chimney	DWE	3	n	yes		MOD	5b batch1 (international)
DWE-056	balcony	DWE	2	n	yes		IDS	5b batch1 (Romance)
DWE-057	basement	DWE	2	n	yes		IDS	5b batch1 (Japonic)
DWE-058	corridor	DWE	2	n	yes		IDS	5b batch1 (Japonic)
DWE-059	courtyard	DWE	3	n	yes		IDS	5b batch1 (Japonic)
DWE-060	pillar / column	DWE	2	n	yes		IDS	5b batch1 (Austronesian)
DWE-061	brick	DWE	2	n	yes		IDS	5b batch1 (Romance)
DWE-062	cement	DWE	2	n	yes		IDS	5b batch1 (Romance)
DWE-063	tile	DWE	2	n	yes		IDS	5b batch1 (Romance)
DWE-064	paint (substance)	DWE	2	n	yes		IDS	5b batch1 (Romance)
DWE-065	stove / cooker	DWE	2	n	yes		IDS	5b batch1 (Japonic)
DWE-066	sink (basin)	DWE	2	n	yes		IDS	5b batch1 (Japonic)
DWE-067	faucet / tap	DWE	2	n	yes		IDS	5b batch1 (Romance)
DWE-068	ladder	DWE	2	n	yes		IDS	5b batch1 (Japonic)
DWE-069	fireplace / hearth	DWE	3	n	yes		IDS	5b batch1 (Sinitic)
DWE-070	mattress	DWE	3	n	yes		IDS	5b batch1 (Japonic)
DWE-071	cushion	DWE	2	n	yes		IDS	5b batch1 (Romance)
DWE-072	curtain	DWE	2	n	yes		IDS	5b batch1 (Japonic)
DWE-073	carpet / rug	DWE	2	n	yes		IDS	5b batch1 (Romance)
DWE-074	wardrobe	DWE	3	n	yes		IDS	5b batch1 (Japonic)
DWE-075	stool / bench	DWE	2	n	yes		IDS	5b batch1 (Romance)
DWE-076	sofa / couch	DWE	2	n	yes		IDS	5b batch1 (international)
DWE-077	drill (tool)	DWE	2	n	yes		IDS	5b batch1 (Japonic)
DWE-078	screw	DWE	2	n	yes		IDS	5b batch1 (Japonic)
DWE-079	chain	DWE	2	n	yes		IDS	5b batch1 (Japonic)
DWE-080	lever	DWE	3	n	yes		IDS	5b batch1 (Romance)
DWE-081	pump	DWE	2	n	yes		IDS	5b batch1 (international)
DWE-082	blade	DWE	2	n	yes		IDS	5b batch1 (Japonic)
DWE-083	kiln / furnace	DWE	3	n	yes		IDS	5b batch1 (Japonic)
DWE-084	glue	DWE	2	n	yes		IDS	5b batch1 (Japonic)
DWE-085	wax	DWE	2	n	yes		IDS	5b batch1 (Japonic)
DWE-086	cable / cord	DWE	2	n	yes		IDS	5b batch1 (Romance)
MOT-036	vehicle	MOT	2	n	yes		IDS	5b batch1 (Sinitic)
MOT-037	tyre	MOT	2	n	yes		IDS	5b batch1 (Japonic)
MOT-038	fuel	MOT	2	n	yes		IDS	5b batch1 (Japonic)
MOT-039	brake	MOT	2	n	yes		IDS	5b batch1 (international)
MOT-040	highway	MOT	2	n	yes		IDS	5b batch1 (Japonic)
MOT-041	path / trail	MOT	2	n	yes		IDS	5b batch1 (Romance)
MOT-042	track / lane	MOT	2	n	yes		IDS	5b batch1 (Romance)
MOT-043	harbour / port	MOT	2	n	yes		IDS	5b batch1 (Japonic)
MOT-044	airport	MOT	2	n	yes		IDS	5b batch1 (Japonic)
MOT-045	platform (station)	MOT	2	n	yes		IDS	5b batch1 (international)
MOT-046	fare	MOT	2	n	yes		IDS	5b batch1 (Japonic)
MOT-047	luggage	MOT	2	n	yes		IDS	5b batch1 (Japonic)
MOT-048	journey / trip	MOT	2	n	yes		IDS	5b batch1 (Japonic)
MOT-049	route	MOT	2	n	yes		IDS	5b batch1 (Romance)
MOT-050	traffic	MOT	2	n	yes		IDS	5b batch1 (Japonic)
MOT-051	tunnel	MOT	2	n	yes		IDS	5b batch1 (Romance)
MOT-052	sail (v)	MOT	2	v	yes		IDS	5b batch1 (Romance)
MOT-053	anchor	MOT	2	n	yes		IDS	5b batch1 (Japonic)
MOT-054	ferry	MOT	3	n	yes		MOD	5b batch1 (international)
MOT-055	truck / lorry	MOT	2	n	yes		IDS	5b batch1 (international)
MOT-056	motorcycle	MOT	2	n	yes		IDS	5b batch1 (international)
MOT-057	subway / metro	MOT	3	n	yes		IDS	5b batch1 (Japonic)
MOT-058	cart / wagon	MOT	2	n	yes		IDS	5b batch1 (Romance)
MOT-059	passenger	MOT	2	n	yes		IDS	5b batch1 (Japonic)
MOT-060	driver	MOT	2	n	yes		IDS	5b batch1 (Japonic)
MOT-061	departure	MOT	2	n	yes		IDS	5b batch1 (Japonic)
MOT-062	crossroads / junction	MOT	3	n	yes		IDS	5b batch1 (Japonic)
MOT-063	load / cargo	MOT	2	n	yes		IDS	5b batch1 (Romance)
TIM-045	weekend	TIM	2	n	yes		IDS	5b batch1 (Japonic)
TIM-046	interval / pause	TIM	2	n	yes		IDS	5b batch1 (Japonic)
TIM-047	shift (work period)	TIM	3	n	yes		IDS	5b batch1 (Japonic)
TIM-048	timer / countdown	TIM	3	n	yes		MOD	5b batch1 (international)
QTY-055	container / vessel	QTY	2	n	yes		IDS	5b batch1 (Japonic)
QTY-056	crate / case	QTY	2	n	yes		IDS	5b batch1 (Japonic)
QTY-057	barrel / drum	QTY	3	n	yes		MOD	5b batch1 (international)
QTY-058	sack	QTY	2	n	yes		IDS	5b batch1 (Japonic)
QTY-059	tank / reservoir	QTY	2	n	yes		IDS	5b batch1 (international)
QTY-060	tube	QTY	3	n	yes		IDS	5b batch1 (Romance)
QTY-061	scale (weighing)	QTY	2	n	yes		IDS	5b batch1 (Japonic)
QTY-062	heap / pile	QTY	2	n	yes		IDS	5b batch1 (Japonic)
QTY-063	slice / portion	QTY	2	n	yes		IDS	5b batch1 (Romance)
QTY-064	square (math)	QTY	3	n	yes		IDS	5b batch1 (Romance)
QTY-065	angle / degree-turn	QTY	3	n	yes		IDS	5b batch1 (Japonic)
SPA-036	interior	SPA	2	n	yes		IDS	5b batch1 (Japonic)
SPA-037	exterior	SPA	2	n	yes		IDS	5b batch1 (Japonic)
SPA-038	gap / clearance	SPA	3	n	yes		IDS	5b batch1 (Japonic)
SPA-039	level / floor (storey)	SPA	2	n	yes		IDS	5b batch1 (Japonic)
SPA-040	zone / sector	SPA	2	n	yes		IDS	5b batch1 (Japonic)
SPA-041	slot / niche	SPA	3	n	yes		IDS	5b batch1 (Japonic)
ACT-127	rescue / save	ACT	2	v	yes		IDS	0008 §7 corpus batch (Bantu)
SOC-089	president	SOC	2	n	yes		IDS	0008 §7 corpus batch (Romance, capped)
SOC-090	minister	SOC	2	n	yes		IDS	0008 §7 corpus batch (Austronesian)
SOC-091	official	SOC	2	n	yes		IDS	0008 §7 corpus batch (Indo-Aryan)
SOC-092	spokesperson	SOC	2	n	no	say + -ki(agent)	IDS	0008 §7 — derived (sema+ki -> semakika), not a root
BOD-079	be born	BOD	2	v	yes		IDS	0008 §7 follow-up (Austronesian)
ACT-128	appear	ACT	2	v	yes		IDS	0008 §7 follow-up (Bantu)
PROP-105	danger	PROP	2	n	yes		IDS	0008 corpus follow-up (Austronesian); dangerous = danger+-pe
MOT-064	stay / remain	MOT	2	v	yes		IDS	0008 corpus follow-up (Japonic)
COG-076	study	COG	2	v	yes		IDS	0008 corpus follow-up (Bantu)
ACT-129	forbid / ban	ACT	2	v	yes		IDS	conflict/diplomacy batch (Bantu)
ACT-130	attack	ACT	2	v	yes		IDS	conflict/diplomacy batch (Indo-Aryan)
MOD-132	weapon	MOD	2	n	yes		IDS	conflict/diplomacy batch (Japonic)
SOC-093	ceasefire / truce	SOC	2	n	yes		IDS	conflict batch 2 (Semitic)
SOC-094	militia	SOC	2	n	yes		IDS	conflict batch 2 (Austronesian)
MOD-133	rocket / missile	MOD	2	n	yes		IDS	conflict batch 2 (Romance)
ACT-131	revenge / retaliation	ACT	2	n	yes		IDS	conflict batch 2 (Bantu)
SOC-095	terrorism / terror	SOC	2	n	yes		IDS	conflict batch 3 (Semitic)
SOC-096	independent / sovereign / free	SOC	2	mod	yes		IDS	conflict batch 3 (Austronesian); liberty-sense (cf. mulo = free-of-cost)
SOC-097	terrorist	SOC	2	n	no	terrorism + person (compound)	IDS	conflict batch 3 — compound (ilihabuhitoka, COMP-034)
SOC-098	sovereignty / independence	SOC	2	n	no	independent + -pa(quality)	IDS	conflict batch 3 — derived (meledekapaka)
ACT-132	evacuate	ACT	2	v	no	leave + -ta(causative)	IDS	conflict batch 3 — derived (keluatato)
SOC-099	refugee / displaced person	SOC	2	n	no	flee + -ki(agent)	IDS	conflict batch 3 — derived (kimiakika)
COG-077	should / ought	COG	2	v	yes		IDS	grammar register (0012); weak obligation, cf. lasima "must" (Japonic)
QTY-066	other / another	QTY	2	fun	yes		IDS	vocab completion; postposed determiner (Japonic)
TIM-049	still / yet	TIM	2	fun	yes		IDS	vocab completion; continuative time-adverb (Austronesian)
PROP-106	foreign	PROP	2	mod	yes		IDS	vocab completion (Austronesian)
ACT-133	investigate	ACT	2	v	yes		IDS	vocab completion (Japonic)
ACT-134	spread	ACT	2	v	yes		IDS	vocab completion (Bantu)
BOD-080	survive	BOD	2	v	yes		IDS	vocab completion (Bantu); cf. mati die, okoa rescue
